n,family,band,insert,delete,edits,size_lo,size_hi,mean_segment_width,atoms,candidate_evaluations
128,uniform,fixed,8,4,0,128,128,1,257,128
128,uniform,fixed,8,4,1,128,128,1,257,128
128,uniform,fixed,8,4,2,128,128,7.25,257,386
128,uniform,fixed,8,4,3,128,128,7.25,257,386
128,uniform,fixed,8,4,4,128,128,9,257,388
128,uniform,fixed,8,4,5,128,128,9,257,388
128,uniform,fixed,8,4,6,128,128,10.75,257,388
128,uniform,fixed,8,4,7,128,128,10.75,257,388
128,uniform,fixed,8,4,8,128,128,12.75,257,388
128,uniform,fixed,8,4,9,128,128,12.75,257,388
128,uniform,fixed,8,4,10,128,128,12.75,257,388
128,uniform,fixed,8,4,11,128,128,12.75,257,388
128,uniform,fixed,8,4,12,128,128,12.75,257,388
128,uniform,flexible,8,4,0,124,136,1,257,128
128,uniform,flexible,8,4,1,124,136,7,257,386
128,uniform,flexible,8,4,2,124,136,8.75,257,387
128,uniform,flexible,8,4,3,124,136,10.75,257,387
128,uniform,flexible,8,4,4,124,136,12.75,257,387
128,uniform,flexible,8,4,5,124,136,14,257,387
128,uniform,flexible,8,4,6,124,136,15,257,387
128,uniform,flexible,8,4,7,124,136,16,257,387
128,uniform,flexible,8,4,8,124,136,17,257,387
128,uniform,flexible,8,4,9,124,136,17,257,387
128,uniform,flexible,8,4,10,124,136,17,257,387
128,uniform,flexible,8,4,11,124,136,17,257,387
128,uniform,flexible,8,4,12,124,136,17,257,387
128,uniform,growth,8,4,0,131,131,,257,0
128,uniform,growth,8,4,1,131,131,,257,0
128,uniform,growth,8,4,2,131,131,,257,0
128,uniform,growth,8,4,3,131,131,7.75,257,388
128,uniform,growth,8,4,4,131,131,7.75,257,388
128,uniform,growth,8,4,5,131,131,9.75,257,388
128,uniform,growth,8,4,6,131,131,9.75,257,388
128,uniform,growth,8,4,7,131,131,11.75,257,388
128,uniform,growth,8,4,8,131,131,11.75,257,388
128,uniform,growth,8,4,9,131,131,13.75,257,388
128,uniform,growth,8,4,10,131,131,13.75,257,388
128,uniform,growth,8,4,11,131,131,15.75,257,388
128,uniform,growth,8,4,12,131,131,15.75,257,388
128,alternating,fixed,8,4,0,128,128,2,194,128
128,alternating,fixed,8,4,1,128,128,2,194,128
128,alternating,fixed,8,4,2,128,128,4,194,260
128,alternating,fixed,8,4,3,128,128,4,194,260
128,alternating,fixed,8,4,4,128,128,6,194,262
128,alternating,fixed,8,4,5,128,128,6,194,262
128,alternating,fixed,8,4,6,128,128,8,194,262
128,alternating,fixed,8,4,7,128,128,8,194,262
128,alternating,fixed,8,4,8,128,128,10,194,262
128,alternating,fixed,8,4,9,128,128,10,194,262
128,alternating,fixed,8,4,10,128,128,10,194,262
128,alternating,fixed,8,4,11,128,128,10,194,262
128,alternating,fixed,8,4,12,128,128,10,194,262
128,alternating,flexible,8,4,0,124,136,2,194,128
128,alternating,flexible,8,4,1,124,136,4,194,260
128,alternating,flexible,8,4,2,124,136,6,194,261
128,alternating,flexible,8,4,3,124,136,8,194,261
128,alternating,flexible,8,4,4,124,136,10,194,261
128,alternating,flexible,8,4,5,124,136,11,194,261
128,alternating,flexible,8,4,6,124,136,12,194,261
128,alternating,flexible,8,4,7,124,136,13,194,261
128,alternating,flexible,8,4,8,124,136,14,194,261
128,alternating,flexible,8,4,9,124,136,14,194,261
128,alternating,flexible,8,4,10,124,136,14,194,261
128,alternating,flexible,8,4,11,124,136,14,194,261
128,alternating,flexible,8,4,12,124,136,14,194,261
128,alternating,growth,8,4,0,131,131,,194,0
128,alternating,growth,8,4,1,131,131,,194,0
128,alternating,growth,8,4,2,131,131,,194,0
128,alternating,growth,8,4,3,131,131,5,194,262
128,alternating,growth,8,4,4,131,131,5,194,262
128,alternating,growth,8,4,5,131,131,7,194,262
128,alternating,growth,8,4,6,131,131,7,194,262
128,alternating,growth,8,4,7,131,131,9,194,262
128,alternating,growth,8,4,8,131,131,9,194,262
128,alternating,growth,8,4,9,131,131,11,194,262
128,alternating,growth,8,4,10,131,131,11,194,262
128,alternating,growth,8,4,11,131,131,13,194,262
128,alternating,growth,8,4,12,131,131,13,194,262
128,increasing,fixed,8,4,0,128,128,4.75,257,128
128,increasing,fixed,8,4,1,128,128,4.75,257,128
128,increasing,fixed,8,4,2,128,128,6.75,257,386
128,increasing,fixed,8,4,3,128,128,6.75,257,386
128,increasing,fixed,8,4,4,128,128,8.75,257,388
128,increasing,fixed,8,4,5,128,128,8.75,257,388
128,increasing,fixed,8,4,6,128,128,10.75,257,388
128,increasing,fixed,8,4,7,128,128,10.75,257,388
128,increasing,fixed,8,4,8,128,128,12.75,257,388
128,increasing,fixed,8,4,9,128,128,12.75,257,388
128,increasing,fixed,8,4,10,128,128,12.75,257,388
128,increasing,fixed,8,4,11,128,128,12.75,257,388
128,increasing,fixed,8,4,12,128,128,12.75,257,388
128,increasing,flexible,8,4,0,124,136,4.75,257,128
128,increasing,flexible,8,4,1,124,136,6.75,257,386
128,increasing,flexible,8,4,2,124,136,8.75,257,387
128,increasing,flexible,8,4,3,124,136,10.75,257,387
128,increasing,flexible,8,4,4,124,136,12.75,257,387
128,increasing,flexible,8,4,5,124,136,13.75,257,387
128,increasing,flexible,8,4,6,124,136,14.75,257,387
128,increasing,flexible,8,4,7,124,136,15.75,257,387
128,increasing,flexible,8,4,8,124,136,16.75,257,387
128,increasing,flexible,8,4,9,124,136,16.75,257,387
128,increasing,flexible,8,4,10,124,136,16.75,257,387
128,increasing,flexible,8,4,11,124,136,16.75,257,387
128,increasing,flexible,8,4,12,124,136,16.75,257,387
128,increasing,growth,8,4,0,131,131,,257,0
128,increasing,growth,8,4,1,131,131,,257,0
128,increasing,growth,8,4,2,131,131,,257,0
128,increasing,growth,8,4,3,131,131,7.75,257,388
128,increasing,growth,8,4,4,131,131,7.75,257,388
128,increasing,growth,8,4,5,131,131,9.75,257,388
128,increasing,growth,8,4,6,131,131,9.75,257,388
128,increasing,growth,8,4,7,131,131,11.75,257,388
128,increasing,growth,8,4,8,131,131,11.75,257,388
128,increasing,growth,8,4,9,131,131,13.75,257,388
128,increasing,growth,8,4,10,131,131,13.75,257,388
128,increasing,growth,8,4,11,131,131,15.75,257,388
128,increasing,growth,8,4,12,131,131,15.75,257,388
128,clustered,fixed,8,4,0,128,128,1.5,216,128
128,clustered,fixed,8,4,1,128,128,1.5,216,128
128,clustered,fixed,8,4,2,128,128,25774274225.25,216,262
128,clustered,fixed,8,4,3,128,128,25774274225.25,216,262
128,clustered,fixed,8,4,4,128,128,25774274227,216,264
128,clustered,fixed,8,4,5,128,128,25774274227,216,264
128,clustered,fixed,8,4,6,128,128,25774274228.75,216,264
128,clustered,fixed,8,4,7,128,128,25774274228.75,216,264
128,clustered,fixed,8,4,8,128,128,25774274230.5,216,264
128,clustered,fixed,8,4,9,128,128,25774274230.5,216,264
128,clustered,fixed,8,4,10,128,128,25774274230.5,216,264
128,clustered,fixed,8,4,11,128,128,25774274230.5,216,264
128,clustered,fixed,8,4,12,128,128,25774274230.5,216,264
128,clustered,flexible,8,4,0,124,136,1.5,216,128
128,clustered,flexible,8,4,1,124,136,25774274224.25,216,262
128,clustered,flexible,8,4,2,124,136,25774274226.25,216,263
128,clustered,flexible,8,4,3,124,136,25774274228,216,263
128,clustered,flexible,8,4,4,124,136,25774274230,216,263
128,clustered,flexible,8,4,5,124,136,25774274231.75,216,263
128,clustered,flexible,8,4,6,124,136,25774274232.75,216,263
128,clustered,flexible,8,4,7,124,136,25774274233.5,216,263
128,clustered,flexible,8,4,8,124,136,25774274234.5,216,263
128,clustered,flexible,8,4,9,124,136,25774274234.5,216,263
128,clustered,flexible,8,4,10,124,136,25774274234.5,216,263
128,clustered,flexible,8,4,11,124,136,25774274234.5,216,263
128,clustered,flexible,8,4,12,124,136,25774274234.5,216,263
128,clustered,growth,8,4,0,131,131,,216,0
128,clustered,growth,8,4,1,131,131,,216,0
128,clustered,growth,8,4,2,131,131,,216,0
128,clustered,growth,8,4,3,131,131,25774274225.75,216,264
128,clustered,growth,8,4,4,131,131,25774274225.75,216,264
128,clustered,growth,8,4,5,131,131,25774274227.5,216,264
128,clustered,growth,8,4,6,131,131,25774274227.5,216,264
128,clustered,growth,8,4,7,131,131,25774274229.25,216,264
128,clustered,growth,8,4,8,131,131,25774274229.25,216,264
128,clustered,growth,8,4,9,131,131,25774274231,216,264
128,clustered,growth,8,4,10,131,131,25774274231,216,264
128,clustered,growth,8,4,11,131,131,25774274232.75,216,264
128,clustered,growth,8,4,12,131,131,25774274232.75,216,264
512,uniform,fixed,32,16,0,512,512,1,1025,512
512,uniform,fixed,32,16,1,512,512,1,1025,512
512,uniform,fixed,32,16,2,512,512,4.0625,1025,1538
512,uniform,fixed,32,16,3,512,512,4.0625,1025,1538
512,uniform,fixed,32,16,4,512,512,6,1025,1540
512,uniform,fixed,32,16,5,512,512,6,1025,1540
512,uniform,fixed,32,16,6,512,512,7.9375,1025,1540
512,uniform,fixed,32,16,7,512,512,7.9375,1025,1540
512,uniform,fixed,32,16,8,512,512,9.9375,1025,1540
512,uniform,fixed,32,16,9,512,512,9.9375,1025,1540
512,uniform,fixed,32,16,10,512,512,11.9375,1025,1540
512,uniform,fixed,32,16,11,512,512,11.9375,1025,1540
512,uniform,fixed,32,16,12,512,512,13.9375,1025,1540
512,uniform,fixed,32,16,13,512,512,13.9375,1025,1540
512,uniform,fixed,32,16,14,512,512,15.9375,1025,1540
512,uniform,fixed,32,16,15,512,512,15.9375,1025,1540
512,uniform,fixed,32,16,16,512,512,17.9375,1025,1540
512,uniform,fixed,32,16,17,512,512,17.9375,1025,1540
512,uniform,fixed,32,16,18,512,512,19.875,1025,1540
512,uniform,fixed,32,16,19,512,512,19.875,1025,1540
512,uniform,fixed,32,16,20,512,512,21.8125,1025,1540
512,uniform,fixed,32,16,21,512,512,21.8125,1025,1540
512,uniform,fixed,32,16,22,512,512,23.8125,1025,1540
512,uniform,fixed,32,16,23,512,512,23.8125,1025,1540
512,uniform,fixed,32,16,24,512,512,25.8125,1025,1540
512,uniform,fixed,32,16,25,512,512,25.8125,1025,1540
512,uniform,fixed,32,16,26,512,512,27.8125,1025,1540
512,uniform,fixed,32,16,27,512,512,27.8125,1025,1540
512,uniform,fixed,32,16,28,512,512,29.8125,1025,1540
512,uniform,fixed,32,16,29,512,512,29.8125,1025,1540
512,uniform,fixed,32,16,30,512,512,31.8125,1025,1540
512,uniform,fixed,32,16,31,512,512,31.8125,1025,1540
512,uniform,fixed,32,16,32,512,512,33.75,1025,1540
512,uniform,fixed,32,16,33,512,512,33.75,1025,1540
512,uniform,fixed,32,16,34,512,512,33.75,1025,1540
512,uniform,fixed,32,16,35,512,512,33.75,1025,1540
512,uniform,fixed,32,16,36,512,512,33.75,1025,1540
512,uniform,fixed,32,16,37,512,512,33.75,1025,1540
512,uniform,fixed,32,16,38,512,512,33.75,1025,1540
512,uniform,fixed,32,16,39,512,512,33.75,1025,1540
512,uniform,fixed,32,16,40,512,512,33.75,1025,1540
512,uniform,fixed,32,16,41,512,512,33.75,1025,1540
512,uniform,fixed,32,16,42,512,512,33.75,1025,1540
512,uniform,fixed,32,16,43,512,512,33.75,1025,1540
512,uniform,fixed,32,16,44,512,512,33.75,1025,1540
512,uniform,fixed,32,16,45,512,512,33.75,1025,1540
512,uniform,fixed,32,16,46,512,512,33.75,1025,1540
512,uniform,fixed,32,16,47,512,512,33.75,1025,1540
512,uniform,fixed,32,16,48,512,512,33.75,1025,1540
512,uniform,flexible,32,16,0,496,544,1,1025,512
512,uniform,flexible,32,16,1,496,544,4,1025,1538
512,uniform,flexible,32,16,2,496,544,5.9375,1025,1539
512,uniform,flexible,32,16,3,496,544,7.9375,1025,1539
512,uniform,flexible,32,16,4,496,544,9.9375,1025,1539
512,uniform,flexible,32,16,5,496,544,11.9375,1025,1539
512,uniform,flexible,32,16,6,496,544,13.9375,1025,1539
512,uniform,flexible,32,16,7,496,544,15.9375,1025,1539
512,uniform,flexible,32,16,8,496,544,17.9375,1025,1539
512,uniform,flexible,32,16,9,496,544,19.875,1025,1539
512,uniform,flexible,32,16,10,496,544,21.875,1025,1539
512,uniform,flexible,32,16,11,496,544,23.875,1025,1539
512,uniform,flexible,32,16,12,496,544,25.875,1025,1539
512,uniform,flexible,32,16,13,496,544,27.875,1025,1539
512,uniform,flexible,32,16,14,496,544,29.875,1025,1539
512,uniform,flexible,32,16,15,496,544,31.875,1025,1539
512,uniform,flexible,32,16,16,496,544,33.8125,1025,1539
512,uniform,flexible,32,16,17,496,544,34.875,1025,1539
512,uniform,flexible,32,16,18,496,544,35.875,1025,1539
512,uniform,flexible,32,16,19,496,544,36.875,1025,1539
512,uniform,flexible,32,16,20,496,544,37.875,1025,1539
512,uniform,flexible,32,16,21,496,544,38.875,1025,1539
512,uniform,flexible,32,16,22,496,544,39.875,1025,1539
512,uniform,flexible,32,16,23,496,544,40.8125,1025,1539
512,uniform,flexible,32,16,24,496,544,41.8125,1025,1539
512,uniform,flexible,32,16,25,496,544,42.8125,1025,1539
512,uniform,flexible,32,16,26,496,544,43.8125,1025,1539
512,uniform,flexible,32,16,27,496,544,44.8125,1025,1539
512,uniform,flexible,32,16,28,496,544,45.8125,1025,1539
512,uniform,flexible,32,16,29,496,544,46.8125,1025,1539
512,uniform,flexible,32,16,30,496,544,47.75,1025,1539
512,uniform,flexible,32,16,31,496,544,48.75,1025,1539
512,uniform,flexible,32,16,32,496,544,49.75,1025,1539
512,uniform,flexible,32,16,33,496,544,49.75,1025,1539
512,uniform,flexible,32,16,34,496,544,49.75,1025,1539
512,uniform,flexible,32,16,35,496,544,49.75,1025,1539
512,uniform,flexible,32,16,36,496,544,49.75,1025,1539
512,uniform,flexible,32,16,37,496,544,49.75,1025,1539
512,uniform,flexible,32,16,38,496,544,49.75,1025,1539
512,uniform,flexible,32,16,39,496,544,49.75,1025,1539
512,uniform,flexible,32,16,40,496,544,49.75,1025,1539
512,uniform,flexible,32,16,41,496,544,49.75,1025,1539
512,uniform,flexible,32,16,42,496,544,49.75,1025,1539
512,uniform,flexible,32,16,43,496,544,49.75,1025,1539
512,uniform,flexible,32,16,44,496,544,49.75,1025,1539
512,uniform,flexible,32,16,45,496,544,49.75,1025,1539
512,uniform,flexible,32,16,46,496,544,49.75,1025,1539
512,uniform,flexible,32,16,47,496,544,49.75,1025,1539
512,uniform,flexible,32,16,48,496,544,49.75,1025,1539
512,uniform,growth,32,16,0,515,515,,1025,0
512,uniform,growth,32,16,1,515,515,,1025,0
512,uniform,growth,32,16,2,515,515,,1025,0
512,uniform,growth,32,16,3,515,515,4.9375,1025,1540
512,uniform,growth,32,16,4,515,515,4.9375,1025,1540
512,uniform,growth,32,16,5,515,515,6.9375,1025,1540
512,uniform,growth,32,16,6,515,515,6.9375,1025,1540
512,uniform,growth,32,16,7,515,515,8.9375,1025,1540
512,uniform,growth,32,16,8,515,515,8.9375,1025,1540
512,uniform,growth,32,16,9,515,515,10.9375,1025,1540
512,uniform,growth,32,16,10,515,515,10.9375,1025,1540
512,uniform,growth,32,16,11,515,515,12.9375,1025,1540
512,uniform,growth,32,16,12,515,515,12.9375,1025,1540
512,uniform,growth,32,16,13,515,515,14.9375,1025,1540
512,uniform,growth,32,16,14,515,515,14.9375,1025,1540
512,uniform,growth,32,16,15,515,515,16.875,1025,1540
512,uniform,growth,32,16,16,515,515,16.875,1025,1540
512,uniform,growth,32,16,17,515,515,18.8125,1025,1540
512,uniform,growth,32,16,18,515,515,18.8125,1025,1540
512,uniform,growth,32,16,19,515,515,20.8125,1025,1540
512,uniform,growth,32,16,20,515,515,20.8125,1025,1540
512,uniform,growth,32,16,21,515,515,22.8125,1025,1540
512,uniform,growth,32,16,22,515,515,22.8125,1025,1540
512,uniform,growth,32,16,23,515,515,24.8125,1025,1540
512,uniform,growth,32,16,24,515,515,24.8125,1025,1540
512,uniform,growth,32,16,25,515,515,26.8125,1025,1540
512,uniform,growth,32,16,26,515,515,26.8125,1025,1540
512,uniform,growth,32,16,27,515,515,28.8125,1025,1540
512,uniform,growth,32,16,28,515,515,28.8125,1025,1540
512,uniform,growth,32,16,29,515,515,30.75,1025,1540
512,uniform,growth,32,16,30,515,515,30.75,1025,1540
512,uniform,growth,32,16,31,515,515,32.6875,1025,1540
512,uniform,growth,32,16,32,515,515,32.6875,1025,1540
512,uniform,growth,32,16,33,515,515,34.6875,1025,1540
512,uniform,growth,32,16,34,515,515,34.6875,1025,1540
512,uniform,growth,32,16,35,515,515,36.6875,1025,1540
512,uniform,growth,32,16,36,515,515,36.6875,1025,1540
512,uniform,growth,32,16,37,515,515,36.6875,1025,1540
512,uniform,growth,32,16,38,515,515,36.6875,1025,1540
512,uniform,growth,32,16,39,515,515,36.6875,1025,1540
512,uniform,growth,32,16,40,515,515,36.6875,1025,1540
512,uniform,growth,32,16,41,515,515,36.6875,1025,1540
512,uniform,growth,32,16,42,515,515,36.6875,1025,1540
512,uniform,growth,32,16,43,515,515,36.6875,1025,1540
512,uniform,growth,32,16,44,515,515,36.6875,1025,1540
512,uniform,growth,32,16,45,515,515,36.6875,1025,1540
512,uniform,growth,32,16,46,515,515,36.6875,1025,1540
512,uniform,growth,32,16,47,515,515,36.6875,1025,1540
512,uniform,growth,32,16,48,515,515,36.6875,1025,1540
512,alternating,fixed,32,16,0,512,512,2,770,512
512,alternating,fixed,32,16,1,512,512,2,770,512
512,alternating,fixed,32,16,2,512,512,4,770,1028
512,alternating,fixed,32,16,3,512,512,4,770,1028
512,alternating,fixed,32,16,4,512,512,6,770,1030
512,alternating,fixed,32,16,5,512,512,6,770,1030
512,alternating,fixed,32,16,6,512,512,8,770,1030
512,alternating,fixed,32,16,7,512,512,8,770,1030
512,alternating,fixed,32,16,8,512,512,10,770,1030
512,alternating,fixed,32,16,9,512,512,10,770,1030
512,alternating,fixed,32,16,10,512,512,12,770,1030
512,alternating,fixed,32,16,11,512,512,12,770,1030
512,alternating,fixed,32,16,12,512,512,14,770,1030
512,alternating,fixed,32,16,13,512,512,14,770,1030
512,alternating,fixed,32,16,14,512,512,16,770,1030
512,alternating,fixed,32,16,15,512,512,16,770,1030
512,alternating,fixed,32,16,16,512,512,18,770,1030
512,alternating,fixed,32,16,17,512,512,18,770,1030
512,alternating,fixed,32,16,18,512,512,20,770,1030
512,alternating,fixed,32,16,19,512,512,20,770,1030
512,alternating,fixed,32,16,20,512,512,22,770,1030
512,alternating,fixed,32,16,21,512,512,22,770,1030
512,alternating,fixed,32,16,22,512,512,24,770,1030
512,alternating,fixed,32,16,23,512,512,24,770,1030
512,alternating,fixed,32,16,24,512,512,26,770,1030
512,alternating,fixed,32,16,25,512,512,26,770,1030
512,alternating,fixed,32,16,26,512,512,28,770,1030
512,alternating,fixed,32,16,27,512,512,28,770,1030
512,alternating,fixed,32,16,28,512,512,30,770,1030
512,alternating,fixed,32,16,29,512,512,30,770,1030
512,alternating,fixed,32,16,30,512,512,32,770,1030
512,alternating,fixed,32,16,31,512,512,32,770,1030
512,alternating,fixed,32,16,32,512,512,34,770,1030
512,alternating,fixed,32,16,33,512,512,34,770,1030
512,alternating,fixed,32,16,34,512,512,34,770,1030
512,alternating,fixed,32,16,35,512,512,34,770,1030
512,alternating,fixed,32,16,36,512,512,34,770,1030
512,alternating,fixed,32,16,37,512,512,34,770,1030
512,alternating,fixed,32,16,38,512,512,34,770,1030
512,alternating,fixed,32,16,39,512,512,34,770,1030
512,alternating,fixed,32,16,40,512,512,34,770,1030
512,alternating,fixed,32,16,41,512,512,34,770,1030
512,alternating,fixed,32,16,42,512,512,34,770,1030
512,alternating,fixed,32,16,43,512,512,34,770,1030
512,alternating,fixed,32,16,44,512,512,34,770,1030
512,alternating,fixed,32,16,45,512,512,34,770,1030
512,alternating,fixed,32,16,46,512,512,34,770,1030
512,alternating,fixed,32,16,47,512,512,34,770,1030
512,alternating,fixed,32,16,48,512,512,34,770,1030
512,alternating,flexible,32,16,0,496,544,2,770,512
512,alternating,flexible,32,16,1,496,544,4,770,1028
512,alternating,flexible,32,16,2,496,544,6,770,1029
512,alternating,flexible,32,16,3,496,544,8,770,1029
512,alternating,flexible,32,16,4,496,544,10,770,1029
512,alternating,flexible,32,16,5,496,544,12,770,1029
512,alternating,flexible,32,16,6,496,544,14,770,1029
512,alternating,flexible,32,16,7,496,544,16,770,1029
512,alternating,flexible,32,16,8,496,544,18,770,1029
512,alternating,flexible,32,16,9,496,544,20,770,1029
512,alternating,flexible,32,16,10,496,544,22,770,1029
512,alternating,flexible,32,16,11,496,544,24,770,1029
512,alternating,flexible,32,16,12,496,544,26,770,1029
512,alternating,flexible,32,16,13,496,544,28,770,1029
512,alternating,flexible,32,16,14,496,544,30,770,1029
512,alternating,flexible,32,16,15,496,544,32,770,1029
512,alternating,flexible,32,16,16,496,544,34,770,1029
512,alternating,flexible,32,16,17,496,544,35,770,1029
512,alternating,flexible,32,16,18,496,544,36,770,1029
512,alternating,flexible,32,16,19,496,544,37,770,1029
512,alternating,flexible,32,16,20,496,544,38,770,1029
512,alternating,flexible,32,16,21,496,544,39,770,1029
512,alternating,flexible,32,16,22,496,544,40,770,1029
512,alternating,flexible,32,16,23,496,544,41,770,1029
512,alternating,flexible,32,16,24,496,544,42,770,1029
512,alternating,flexible,32,16,25,496,544,43,770,1029
512,alternating,flexible,32,16,26,496,544,44,770,1029
512,alternating,flexible,32,16,27,496,544,45,770,1029
512,alternating,flexible,32,16,28,496,544,46,770,1029
512,alternating,flexible,32,16,29,496,544,47,770,1029
512,alternating,flexible,32,16,30,496,544,48,770,1029
512,alternating,flexible,32,16,31,496,544,49,770,1029
512,alternating,flexible,32,16,32,496,544,50,770,1029
512,alternating,flexible,32,16,33,496,544,50,770,1029
512,alternating,flexible,32,16,34,496,544,50,770,1029
512,alternating,flexible,32,16,35,496,544,50,770,1029
512,alternating,flexible,32,16,36,496,544,50,770,1029
512,alternating,flexible,32,16,37,496,544,50,770,1029
512,alternating,flexible,32,16,38,496,544,50,770,1029
512,alternating,flexible,32,16,39,496,544,50,770,1029
512,alternating,flexible,32,16,40,496,544,50,770,1029
512,alternating,flexible,32,16,41,496,544,50,770,1029
512,alternating,flexible,32,16,42,496,544,50,770,1029
512,alternating,flexible,32,16,43,496,544,50,770,1029
512,alternating,flexible,32,16,44,496,544,50,770,1029
512,alternating,flexible,32,16,45,496,544,50,770,1029
512,alternating,flexible,32,16,46,496,544,50,770,1029
512,alternating,flexible,32,16,47,496,544,50,770,1029
512,alternating,flexible,32,16,48,496,544,50,770,1029
512,alternating,growth,32,16,0,515,515,,770,0
512,alternating,growth,32,16,1,515,515,,770,0
512,alternating,growth,32,16,2,515,515,,770,0
512,alternating,growth,32,16,3,515,515,5,770,1030
512,alternating,growth,32,16,4,515,515,5,770,1030
512,alternating,growth,32,16,5,515,515,7,770,1030
512,alternating,growth,32,16,6,515,515,7,770,1030
512,alternating,growth,32,16,7,515,515,9,770,1030
512,alternating,growth,32,16,8,515,515,9,770,1030
512,alternating,growth,32,16,9,515,515,11,770,1030
512,alternating,growth,32,16,10,515,515,11,770,1030
512,alternating,growth,32,16,11,515,515,13,770,1030
512,alternating,growth,32,16,12,515,515,13,770,1030
512,alternating,growth,32,16,13,515,515,15,770,1030
512,alternating,growth,32,16,14,515,515,15,770,1030
512,alternating,growth,32,16,15,515,515,17,770,1030
512,alternating,growth,32,16,16,515,515,17,770,1030
512,alternating,growth,32,16,17,515,515,19,770,1030
512,alternating,growth,32,16,18,515,515,19,770,1030
512,alternating,growth,32,16,19,515,515,21,770,1030
512,alternating,growth,32,16,20,515,515,21,770,1030
512,alternating,growth,32,16,21,515,515,23,770,1030
512,alternating,growth,32,16,22,515,515,23,770,1030
512,alternating,growth,32,16,23,515,515,25,770,1030
512,alternating,growth,32,16,24,515,515,25,770,1030
512,alternating,growth,32,16,25,515,515,27,770,1030
512,alternating,growth,32,16,26,515,515,27,770,1030
512,alternating,growth,32,16,27,515,515,29,770,1030
512,alternating,growth,32,16,28,515,515,29,770,1030
512,alternating,growth,32,16,29,515,515,31,770,1030
512,alternating,growth,32,16,30,515,515,31,770,1030
512,alternating,growth,32,16,31,515,515,33,770,1030
512,alternating,growth,32,16,32,515,515,33,770,1030
512,alternating,growth,32,16,33,515,515,35,770,1030
512,alternating,growth,32,16,34,515,515,35,770,1030
512,alternating,growth,32,16,35,515,515,37,770,1030
512,alternating,growth,32,16,36,515,515,37,770,1030
512,alternating,growth,32,16,37,515,515,37,770,1030
512,alternating,growth,32,16,38,515,515,37,770,1030
512,alternating,growth,32,16,39,515,515,37,770,1030
512,alternating,growth,32,16,40,515,515,37,770,1030
512,alternating,growth,32,16,41,515,515,37,770,1030
512,alternating,growth,32,16,42,515,515,37,770,1030
512,alternating,growth,32,16,43,515,515,37,770,1030
512,alternating,growth,32,16,44,515,515,37,770,1030
512,alternating,growth,32,16,45,515,515,37,770,1030
512,alternating,growth,32,16,46,515,515,37,770,1030
512,alternating,growth,32,16,47,515,515,37,770,1030
512,alternating,growth,32,16,48,515,515,37,770,1030
512,increasing,fixed,32,16,0,512,512,2.6875,1025,512
512,increasing,fixed,32,16,1,512,512,2.6875,1025,512
512,increasing,fixed,32,16,2,512,512,4.6875,1025,1538
512,increasing,fixed,32,16,3,512,512,4.6875,1025,1538
512,increasing,fixed,32,16,4,512,512,6.6875,1025,1540
512,increasing,fixed,32,16,5,512,512,6.6875,1025,1540
512,increasing,fixed,32,16,6,512,512,8.6875,1025,1540
512,increasing,fixed,32,16,7,512,512,8.6875,1025,1540
512,increasing,fixed,32,16,8,512,512,10.6875,1025,1540
512,increasing,fixed,32,16,9,512,512,10.6875,1025,1540
512,increasing,fixed,32,16,10,512,512,12.6875,1025,1540
512,increasing,fixed,32,16,11,512,512,12.6875,1025,1540
512,increasing,fixed,32,16,12,512,512,14.6875,1025,1540
512,increasing,fixed,32,16,13,512,512,14.6875,1025,1540
512,increasing,fixed,32,16,14,512,512,16.6875,1025,1540
512,increasing,fixed,32,16,15,512,512,16.6875,1025,1540
512,increasing,fixed,32,16,16,512,512,18.6875,1025,1540
512,increasing,fixed,32,16,17,512,512,18.6875,1025,1540
512,increasing,fixed,32,16,18,512,512,20.6875,1025,1540
512,increasing,fixed,32,16,19,512,512,20.6875,1025,1540
512,increasing,fixed,32,16,20,512,512,22.6875,1025,1540
512,increasing,fixed,32,16,21,512,512,22.6875,1025,1540
512,increasing,fixed,32,16,22,512,512,24.6875,1025,1540
512,increasing,fixed,32,16,23,512,512,24.6875,1025,1540
512,increasing,fixed,32,16,24,512,512,26.6875,1025,1540
512,increasing,fixed,32,16,25,512,512,26.6875,1025,1540
512,increasing,fixed,32,16,26,512,512,28.6875,1025,1540
512,increasing,fixed,32,16,27,512,512,28.6875,1025,1540
512,increasing,fixed,32,16,28,512,512,30.6875,1025,1540
512,increasing,fixed,32,16,29,512,512,30.6875,1025,1540
512,increasing,fixed,32,16,30,512,512,32.6875,1025,1540
512,increasing,fixed,32,16,31,512,512,32.6875,1025,1540
512,increasing,fixed,32,16,32,512,512,34.6875,1025,1540
512,increasing,fixed,32,16,33,512,512,34.6875,1025,1540
512,increasing,fixed,32,16,34,512,512,34.6875,1025,1540
512,increasing,fixed,32,16,35,512,512,34.6875,1025,1540
512,increasing,fixed,32,16,36,512,512,34.6875,1025,1540
512,increasing,fixed,32,16,37,512,512,34.6875,1025,1540
512,increasing,fixed,32,16,38,512,512,34.6875,1025,1540
512,increasing,fixed,32,16,39,512,512,34.6875,1025,1540
512,increasing,fixed,32,16,40,512,512,34.6875,1025,1540
512,increasing,fixed,32,16,41,512,512,34.6875,1025,1540
512,increasing,fixed,32,16,42,512,512,34.6875,1025,1540
512,increasing,fixed,32,16,43,512,512,34.6875,1025,1540
512,increasing,fixed,32,16,44,512,512,34.6875,1025,1540
512,increasing,fixed,32,16,45,512,512,34.6875,1025,1540
512,increasing,fixed,32,16,46,512,512,34.6875,1025,1540
512,increasing,fixed,32,16,47,512,512,34.6875,1025,1540
512,increasing,fixed,32,16,48,512,512,34.6875,1025,1540
512,increasing,flexible,32,16,0,496,544,2.6875,1025,512
512,increasing,flexible,32,16,1,496,544,4.6875,1025,1538
512,increasing,flexible,32,16,2,496,544,6.6875,1025,1539
512,increasing,flexible,32,16,3,496,544,8.6875,1025,1539
512,increasing,flexible,32,16,4,496,544,10.6875,1025,1539
512,increasing,flexible,32,16,5,496,544,12.6875,1025,1539
512,increasing,flexible,32,16,6,496,544,14.6875,1025,1539
512,increasing,flexible,32,16,7,496,544,16.6875,1025,1539
512,increasing,flexible,32,16,8,496,544,18.6875,1025,1539
512,increasing,flexible,32,16,9,496,544,20.6875,1025,1539
512,increasing,flexible,32,16,10,496,544,22.6875,1025,1539
512,increasing,flexible,32,16,11,496,544,24.6875,1025,1539
512,increasing,flexible,32,16,12,496,544,26.6875,1025,1539
512,increasing,flexible,32,16,13,496,544,28.6875,1025,1539
512,increasing,flexible,32,16,14,496,544,30.6875,1025,1539
512,increasing,flexible,32,16,15,496,544,32.6875,1025,1539
512,increasing,flexible,32,16,16,496,544,34.6875,1025,1539
512,increasing,flexible,32,16,17,496,544,35.6875,1025,1539
512,increasing,flexible,32,16,18,496,544,36.6875,1025,1539
512,increasing,flexible,32,16,19,496,544,37.6875,1025,1539
512,increasing,flexible,32,16,20,496,544,38.6875,1025,1539
512,increasing,flexible,32,16,21,496,544,39.6875,1025,1539
512,increasing,flexible,32,16,22,496,544,40.6875,1025,1539
512,increasing,flexible,32,16,23,496,544,41.6875,1025,1539
512,increasing,flexible,32,16,24,496,544,42.6875,1025,1539
512,increasing,flexible,32,16,25,496,544,43.6875,1025,1539
512,increasing,flexible,32,16,26,496,544,44.6875,1025,1539
512,increasing,flexible,32,16,27,496,544,45.6875,1025,1539
512,increasing,flexible,32,16,28,496,544,46.6875,1025,1539
512,increasing,flexible,32,16,29,496,544,47.6875,1025,1539
512,increasing,flexible,32,16,30,496,544,48.6875,1025,1539
512,increasing,flexible,32,16,31,496,544,49.6875,1025,1539
512,increasing,flexible,32,16,32,496,544,50.6875,1025,1539
512,increasing,flexible,32,16,33,496,544,50.6875,1025,1539
512,increasing,flexible,32,16,34,496,544,50.6875,1025,1539
512,increasing,flexible,32,16,35,496,544,50.6875,1025,1539
512,increasing,flexible,32,16,36,496,544,50.6875,1025,1539
512,increasing,flexible,32,16,37,496,544,50.6875,1025,1539
512,increasing,flexible,32,16,38,496,544,50.6875,1025,1539
512,increasing,flexible,32,16,39,496,544,50.6875,1025,1539
512,increasing,flexible,32,16,40,496,544,50.6875,1025,1539
512,increasing,flexible,32,16,41,496,544,50.6875,1025,1539
512,increasing,flexible,32,16,42,496,544,50.6875,1025,1539
512,increasing,flexible,32,16,43,496,544,50.6875,1025,1539
512,increasing,flexible,32,16,44,496,544,50.6875,1025,1539
512,increasing,flexible,32,16,45,496,544,50.6875,1025,1539
512,increasing,flexible,32,16,46,496,544,50.6875,1025,1539
512,increasing,flexible,32,16,47,496,544,50.6875,1025,1539
512,increasing,flexible,32,16,48,496,544,50.6875,1025,1539
512,increasing,growth,32,16,0,515,515,,1025,0
512,increasing,growth,32,16,1,515,515,,1025,0
512,increasing,growth,32,16,2,515,515,,1025,0
512,increasing,growth,32,16,3,515,515,5.6875,1025,1540
512,increasing,growth,32,16,4,515,515,5.6875,1025,1540
512,increasing,growth,32,16,5,515,515,7.6875,1025,1540
512,increasing,growth,32,16,6,515,515,7.6875,1025,1540
512,increasing,growth,32,16,7,515,515,9.6875,1025,1540
512,increasing,growth,32,16,8,515,515,9.6875,1025,1540
512,increasing,growth,32,16,9,515,515,11.6875,1025,1540
512,increasing,growth,32,16,10,515,515,11.6875,1025,1540
512,increasing,growth,32,16,11,515,515,13.6875,1025,1540
512,increasing,growth,32,16,12,515,515,13.6875,1025,1540
512,increasing,growth,32,16,13,515,515,15.6875,1025,1540
512,increasing,growth,32,16,14,515,515,15.6875,1025,1540
512,increasing,growth,32,16,15,515,515,17.6875,1025,1540
512,increasing,growth,32,16,16,515,515,17.6875,1025,1540
512,increasing,growth,32,16,17,515,515,19.6875,1025,1540
512,increasing,growth,32,16,18,515,515,19.6875,1025,1540
512,increasing,growth,32,16,19,515,515,21.6875,1025,1540
512,increasing,growth,32,16,20,515,515,21.6875,1025,1540
512,increasing,growth,32,16,21,515,515,23.6875,1025,1540
512,increasing,growth,32,16,22,515,515,23.6875,1025,1540
512,increasing,growth,32,16,23,515,515,25.6875,1025,1540
512,increasing,growth,32,16,24,515,515,25.6875,1025,1540
512,increasing,growth,32,16,25,515,515,27.6875,1025,1540
512,increasing,growth,32,16,26,515,515,27.6875,1025,1540
512,increasing,growth,32,16,27,515,515,29.6875,1025,1540
512,increasing,growth,32,16,28,515,515,29.6875,1025,1540
512,increasing,growth,32,16,29,515,515,31.6875,1025,1540
512,increasing,growth,32,16,30,515,515,31.6875,1025,1540
512,increasing,growth,32,16,31,515,515,33.6875,1025,1540
512,increasing,growth,32,16,32,515,515,33.6875,1025,1540
512,increasing,growth,32,16,33,515,515,35.6875,1025,1540
512,increasing,growth,32,16,34,515,515,35.6875,1025,1540
512,increasing,growth,32,16,35,515,515,37.6875,1025,1540
512,increasing,growth,32,16,36,515,515,37.6875,1025,1540
512,increasing,growth,32,16,37,515,515,37.6875,1025,1540
512,increasing,growth,32,16,38,515,515,37.6875,1025,1540
512,increasing,growth,32,16,39,515,515,37.6875,1025,1540
512,increasing,growth,32,16,40,515,515,37.6875,1025,1540
512,increasing,growth,32,16,41,515,515,37.6875,1025,1540
512,increasing,growth,32,16,42,515,515,37.6875,1025,1540
512,increasing,growth,32,16,43,515,515,37.6875,1025,1540
512,increasing,growth,32,16,44,515,515,37.6875,1025,1540
512,increasing,growth,32,16,45,515,515,37.6875,1025,1540
512,increasing,growth,32,16,46,515,515,37.6875,1025,1540
512,increasing,growth,32,16,47,515,515,37.6875,1025,1540
512,increasing,growth,32,16,48,515,515,37.6875,1025,1540
512,clustered,fixed,32,16,0,512,512,1.625,860,512
512,clustered,fixed,32,16,1,512,512,1.625,860,512
512,clustered,fixed,32,16,2,512,512,32217842765.3125,860,1042
512,clustered,fixed,32,16,3,512,512,32217842765.3125,860,1042
512,clustered,fixed,32,16,4,512,512,32217842767.25,860,1044
512,clustered,fixed,32,16,5,512,512,32217842767.25,860,1044
512,clustered,fixed,32,16,6,512,512,32217842769.1875,860,1044
512,clustered,fixed,32,16,7,512,512,32217842769.1875,860,1044
512,clustered,fixed,32,16,8,512,512,32217842771.125,860,1044
512,clustered,fixed,32,16,9,512,512,32217842771.125,860,1044
512,clustered,fixed,32,16,10,512,512,32217842773.0625,860,1044
512,clustered,fixed,32,16,11,512,512,32217842773.0625,860,1044
512,clustered,fixed,32,16,12,512,512,32217842775,860,1044
512,clustered,fixed,32,16,13,512,512,32217842775,860,1044
512,clustered,fixed,32,16,14,512,512,32217842776.9375,860,1044
512,clustered,fixed,32,16,15,512,512,32217842776.9375,860,1044
512,clustered,fixed,32,16,16,512,512,32217842778.875,860,1044
512,clustered,fixed,32,16,17,512,512,32217842778.875,860,1044
512,clustered,fixed,32,16,18,512,512,32217842780.8125,860,1044
512,clustered,fixed,32,16,19,512,512,32217842780.8125,860,1044
512,clustered,fixed,32,16,20,512,512,32217842782.75,860,1044
512,clustered,fixed,32,16,21,512,512,32217842782.75,860,1044
512,clustered,fixed,32,16,22,512,512,32217842784.6875,860,1044
512,clustered,fixed,32,16,23,512,512,32217842784.6875,860,1044
512,clustered,fixed,32,16,24,512,512,32217842786.625,860,1044
512,clustered,fixed,32,16,25,512,512,32217842786.625,860,1044
512,clustered,fixed,32,16,26,512,512,32217842788.5625,860,1044
512,clustered,fixed,32,16,27,512,512,32217842788.5625,860,1044
512,clustered,fixed,32,16,28,512,512,32217842790.5,860,1044
512,clustered,fixed,32,16,29,512,512,32217842790.5,860,1044
512,clustered,fixed,32,16,30,512,512,32217842792.4375,860,1044
512,clustered,fixed,32,16,31,512,512,32217842792.4375,860,1044
512,clustered,fixed,32,16,32,512,512,32217842794.375,860,1044
512,clustered,fixed,32,16,33,512,512,32217842794.375,860,1044
512,clustered,fixed,32,16,34,512,512,32217842794.375,860,1044
512,clustered,fixed,32,16,35,512,512,32217842794.375,860,1044
512,clustered,fixed,32,16,36,512,512,32217842794.375,860,1044
512,clustered,fixed,32,16,37,512,512,32217842794.375,860,1044
512,clustered,fixed,32,16,38,512,512,32217842794.375,860,1044
512,clustered,fixed,32,16,39,512,512,32217842794.375,860,1044
512,clustered,fixed,32,16,40,512,512,32217842794.375,860,1044
512,clustered,fixed,32,16,41,512,512,32217842794.375,860,1044
512,clustered,fixed,32,16,42,512,512,32217842794.375,860,1044
512,clustered,fixed,32,16,43,512,512,32217842794.375,860,1044
512,clustered,fixed,32,16,44,512,512,32217842794.375,860,1044
512,clustered,fixed,32,16,45,512,512,32217842794.375,860,1044
512,clustered,fixed,32,16,46,512,512,32217842794.375,860,1044
512,clustered,fixed,32,16,47,512,512,32217842794.375,860,1044
512,clustered,fixed,32,16,48,512,512,32217842794.375,860,1044
512,clustered,flexible,32,16,0,496,544,1.625,860,512
512,clustered,flexible,32,16,1,496,544,32217842764.3125,860,1042
512,clustered,flexible,32,16,2,496,544,32217842766.3125,860,1043
512,clustered,flexible,32,16,3,496,544,32217842768.25,860,1043
512,clustered,flexible,32,16,4,496,544,32217842770.25,860,1043
512,clustered,flexible,32,16,5,496,544,32217842772.1875,860,1043
512,clustered,flexible,32,16,6,496,544,32217842774.1875,860,1043
512,clustered,flexible,32,16,7,496,544,32217842776.125,860,1043
512,clustered,flexible,32,16,8,496,544,32217842778.125,860,1043
512,clustered,flexible,32,16,9,496,544,32217842780.0625,860,1043
512,clustered,flexible,32,16,10,496,544,32217842782.0625,860,1043
512,clustered,flexible,32,16,11,496,544,32217842784,860,1043
512,clustered,flexible,32,16,12,496,544,32217842786,860,1043
512,clustered,flexible,32,16,13,496,544,32217842787.9375,860,1043
512,clustered,flexible,32,16,14,496,544,32217842789.9375,860,1043
512,clustered,flexible,32,16,15,496,544,32217842791.875,860,1043
512,clustered,flexible,32,16,16,496,544,32217842793.875,860,1043
512,clustered,flexible,32,16,17,496,544,32217842795.8125,860,1043
512,clustered,flexible,32,16,18,496,544,32217842796.8125,860,1043
512,clustered,flexible,32,16,19,496,544,32217842797.75,860,1043
512,clustered,flexible,32,16,20,496,544,32217842798.75,860,1043
512,clustered,flexible,32,16,21,496,544,32217842799.6875,860,1043
512,clustered,flexible,32,16,22,496,544,32217842800.6875,860,1043
512,clustered,flexible,32,16,23,496,544,32217842801.625,860,1043
512,clustered,flexible,32,16,24,496,544,32217842802.625,860,1043
512,clustered,flexible,32,16,25,496,544,32217842803.5625,860,1043
512,clustered,flexible,32,16,26,496,544,32217842804.5625,860,1043
512,clustered,flexible,32,16,27,496,544,32217842805.5,860,1043
512,clustered,flexible,32,16,28,496,544,32217842806.5,860,1043
512,clustered,flexible,32,16,29,496,544,32217842807.4375,860,1043
512,clustered,flexible,32,16,30,496,544,32217842808.4375,860,1043
512,clustered,flexible,32,16,31,496,544,32217842809.375,860,1043
512,clustered,flexible,32,16,32,496,544,32217842810.375,860,1043
512,clustered,flexible,32,16,33,496,544,32217842810.375,860,1043
512,clustered,flexible,32,16,34,496,544,32217842810.375,860,1043
512,clustered,flexible,32,16,35,496,544,32217842810.375,860,1043
512,clustered,flexible,32,16,36,496,544,32217842810.375,860,1043
512,clustered,flexible,32,16,37,496,544,32217842810.375,860,1043
512,clustered,flexible,32,16,38,496,544,32217842810.375,860,1043
512,clustered,flexible,32,16,39,496,544,32217842810.375,860,1043
512,clustered,flexible,32,16,40,496,544,32217842810.375,860,1043
512,clustered,flexible,32,16,41,496,544,32217842810.375,860,1043
512,clustered,flexible,32,16,42,496,544,32217842810.375,860,1043
512,clustered,flexible,32,16,43,496,544,32217842810.375,860,1043
512,clustered,flexible,32,16,44,496,544,32217842810.375,860,1043
512,clustered,flexible,32,16,45,496,544,32217842810.375,860,1043
512,clustered,flexible,32,16,46,496,544,32217842810.375,860,1043
512,clustered,flexible,32,16,47,496,544,32217842810.375,860,1043
512,clustered,flexible,32,16,48,496,544,32217842810.375,860,1043
512,clustered,growth,32,16,0,515,515,,860,0
512,clustered,growth,32,16,1,515,515,,860,0
512,clustered,growth,32,16,2,515,515,,860,0
512,clustered,growth,32,16,3,515,515,32217842766.1875,860,1044
512,clustered,growth,32,16,4,515,515,32217842766.1875,860,1044
512,clustered,growth,32,16,5,515,515,32217842768.125,860,1044
512,clustered,growth,32,16,6,515,515,32217842768.125,860,1044
512,clustered,growth,32,16,7,515,515,32217842770.0625,860,1044
512,clustered,growth,32,16,8,515,515,32217842770.0625,860,1044
512,clustered,growth,32,16,9,515,515,32217842772,860,1044
512,clustered,growth,32,16,10,515,515,32217842772,860,1044
512,clustered,growth,32,16,11,515,515,32217842773.9375,860,1044
512,clustered,growth,32,16,12,515,515,32217842773.9375,860,1044
512,clustered,growth,32,16,13,515,515,32217842775.875,860,1044
512,clustered,growth,32,16,14,515,515,32217842775.875,860,1044
512,clustered,growth,32,16,15,515,515,32217842777.8125,860,1044
512,clustered,growth,32,16,16,515,515,32217842777.8125,860,1044
512,clustered,growth,32,16,17,515,515,32217842779.75,860,1044
512,clustered,growth,32,16,18,515,515,32217842779.75,860,1044
512,clustered,growth,32,16,19,515,515,32217842781.6875,860,1044
512,clustered,growth,32,16,20,515,515,32217842781.6875,860,1044
512,clustered,growth,32,16,21,515,515,32217842783.625,860,1044
512,clustered,growth,32,16,22,515,515,32217842783.625,860,1044
512,clustered,growth,32,16,23,515,515,32217842785.5625,860,1044
512,clustered,growth,32,16,24,515,515,32217842785.5625,860,1044
512,clustered,growth,32,16,25,515,515,32217842787.5,860,1044
512,clustered,growth,32,16,26,515,515,32217842787.5,860,1044
512,clustered,growth,32,16,27,515,515,32217842789.4375,860,1044
512,clustered,growth,32,16,28,515,515,32217842789.4375,860,1044
512,clustered,growth,32,16,29,515,515,32217842791.375,860,1044
512,clustered,growth,32,16,30,515,515,32217842791.375,860,1044
512,clustered,growth,32,16,31,515,515,32217842793.3125,860,1044
512,clustered,growth,32,16,32,515,515,32217842793.3125,860,1044
512,clustered,growth,32,16,33,515,515,32217842795.25,860,1044
512,clustered,growth,32,16,34,515,515,32217842795.25,860,1044
512,clustered,growth,32,16,35,515,515,32217842797.1875,860,1044
512,clustered,growth,32,16,36,515,515,32217842797.1875,860,1044
512,clustered,growth,32,16,37,515,515,32217842797.1875,860,1044
512,clustered,growth,32,16,38,515,515,32217842797.1875,860,1044
512,clustered,growth,32,16,39,515,515,32217842797.1875,860,1044
512,clustered,growth,32,16,40,515,515,32217842797.1875,860,1044
512,clustered,growth,32,16,41,515,515,32217842797.1875,860,1044
512,clustered,growth,32,16,42,515,515,32217842797.1875,860,1044
512,clustered,growth,32,16,43,515,515,32217842797.1875,860,1044
512,clustered,growth,32,16,44,515,515,32217842797.1875,860,1044
512,clustered,growth,32,16,45,515,515,32217842797.1875,860,1044
512,clustered,growth,32,16,46,515,515,32217842797.1875,860,1044
512,clustered,growth,32,16,47,515,515,32217842797.1875,860,1044
512,clustered,growth,32,16,48,515,515,32217842797.1875,860,1044
