claim_id,claim,maturity,proof,implementation,source_or_test,raw_result,paper_location,qualification,fresh_recheck,independently_rechecked
rank-overlap,Overlap equivalence and exact fixed-size ranks,written-proof;finite-checked,proofs/theorems.md: statements 1-7,src/driftcert/certificate.py,tests/validate.py: overlap and budgets,results/campaign/exact/,"paper labels lem:overlap, thm:fixedrank, thm:band; tab:oracles",No disagreement; general proof is not mechanized,clean extracted standalone rerun; results/clean-extraction-check.json; 64-file semantic match with declared unsharded-scope completion,No: separate implementation and self-audit do not establish independent authorship or external review
new-query,Inserted query reserves one insertion and changes eligible sizes,written-proof;finite-checked,proofs/theorems.md: query eligibility,src/driftcert/certificate.py,tests/validate.py; tests/pilot.py,results/pilot.json; results/campaign/exact/,paper label lem:sizes; Section 7.1,Negative control at B=1 versus B=2,clean extracted standalone rerun; results/clean-extraction-check.json; 64-file semantic match with declared unsharded-scope completion,No: separate implementation and self-audit do not establish independent authorship or external review
sparse-envelope,Exact attained segment residual endpoints with sparse gap hinges,written-proof;finite-checked,proofs/theorems.md: hinge and monotonicity arguments,src/driftcert/certificate.py,tests/validate.py: integration,results/campaign/exact/integration_u*.json,paper labels thm:envelope and fig:example,"Attained extrema, not necessarily all interior residual values",clean extracted standalone rerun; results/clean-extraction-check.json; 64-file semantic match with declared unsharded-scope completion,No: separate implementation and self-audit do not establish independent authorship or external review
endpoint-counterexample,Gap endpoint sampling can miss an inserted-key residual extremum,written-proof;finite-checked,proofs/theorems.md: counterexample,src/driftcert/certificate.py,tests/validate.py: regression,results/example_certificate.json; results/campaign/exact/regression.json,paper label fig:example,"Exact [-3,2]; endpoint-only [-2,1] is false",clean extracted standalone rerun; results/clean-extraction-check.json; 64-file semantic match with declared unsharded-scope completion,No: separate implementation and self-audit do not establish independent authorship or external review
minimum-cost,Rank/size projection and 57-cell arrangement yield exact minimum net edit cost,written-proof;finite-checked,proofs/theorems.md: direct minimum argument,src/driftcert/certificate.py,tests/validate.py: integration; tests/arrangement.py,results/campaign/exact/; results/campaign/arrangement.json,"paper labels lem:projection, lem:arrangement, thm:minimum",Unit net cost; original cardinality applies only at endpoint,clean extracted standalone rerun; results/clean-extraction-check.json; 64-file semantic match with declared unsharded-scope completion,No: separate implementation and self-audit do not establish independent authorship or external review
checker,"Separate checker verifies exact enclosure, attainment and predecessor-budget minimality",written-proof;finite-checked,proofs/theorems.md: checker theorems,src/driftcert/checker.py,tests/validate.py: integration and regression,results/campaign/exact/,"paper labels thm:checker, thm:mincheck",Separate implementation; same development process; no authentication claim,clean extracted standalone rerun; results/clean-extraction-check.json; 64-file semantic match with declared unsharded-scope completion,No: separate implementation and self-audit do not establish independent authorship or external review
oracle-counts,1471728 joint contracts and 8424696 rank queries had zero mismatches,measured;finite-checked,not a general proof,tools/summarize.py,tests/validate.py: budgets,results/summary/exact.json,paper label tab:oracles; abstract,Set occurrences are repeated across contracts,clean extracted standalone rerun; results/clean-extraction-check.json; 64-file semantic match with declared unsharded-scope completion,No: separate implementation and self-audit do not establish independent authorship or external review
mutation-counts,"12276 endpoint mutants, 12 malformed/5 final-minimum mutants, and 9 replay/4 replay-minimum mutants were rejected",measured;finite-checked,not exhaustive adversarial verification,src/driftcert/checker.py,tests/validate.py; tests/prefix.py,results/campaign/exact/; results/campaign/prefix/regression.json,Sections 7 and 8; Tables 6 and 7,"Targeted mutations, not exhaustive adversarial verification",clean extracted standalone rerun; results/clean-extraction-check.json; 64-file semantic match with declared unsharded-scope completion,No: separate implementation and self-audit do not establish independent authorship or external review
scaling,24 direct/bisection cases agree; CPU ratio 0.904..15.224,measured,no speedup theorem,tests/scaling.py,three repetitions per case,results/campaign/scaling/; results/summary/scaling.csv,paper labels tab:scaling and fig:ratio,No uniformly faster implementation claim,clean extracted standalone rerun; results/clean-extraction-check.json; 64-file semantic match with declared unsharded-scope completion,No: separate implementation and self-audit do not establish independent authorship or external review
clustered,Largest clustered case has minimum two edits and mean raw width about 3.433e10,measured,consistent with frozen gap extrapolation model,tests/scaling.py,retained exact generated fixture,results/campaign/scaling/32768_clustered.json,paper label tab:width; Section 7.4,"Unclipped residual width, not actual array length",clean extracted standalone rerun; results/clean-extraction-check.json; 64-file semantic match with declared unsharded-scope completion,No: separate implementation and self-audit do not establish independent authorship or external review
cap-null,Removing total budget changes no planned fixed-size scaling envelope,measured;written-explanation,proofs/theorems.md: fixed-cardinality specialization,tests/scaling.py,all 24 fixed cases,results/campaign/scaling/,Section 7.4,"Null retained; cap inactive in these cases, not generally",clean extracted standalone rerun; results/clean-extraction-check.json; 64-file semantic match with declared unsharded-scope completion,No: separate implementation and self-audit do not establish independent authorship or external review
sensitivity,744 exploratory certificates and 120 parity pairs agree,measured;finite-checked,proofs/theorems.md: parity,tests/sensitivity.py,full retained grid,results/campaign/sensitivity.json,paper label fig:sensitivity,Exploratory addition after null ablation,clean extracted standalone rerun; results/clean-extraction-check.json; 64-file semantic match with declared unsharded-scope completion,No: separate implementation and self-audit do not establish independent authorship or external review
trace,"Certified policy has no misses, but higher measured CPU than both safe baselines",measured,trace does not prove general theorem,tests/trace.py,8 retained generated traces; 63744 queries/policy,results/campaign/trace.json; results/summary/trace.csv,paper label tab:traces,"Generated traces; small public numeric input, not production workload",clean extracted standalone rerun; results/clean-extraction-check.json; 64-file semantic match with declared unsharded-scope completion,No: separate implementation and self-audit do not establish independent authorship or external review
unbounded,A one-insertion unbounded-domain counterexample has no finite residual enclosure,written-proof,proofs/theorems.md: unbounded-domain obstruction,none,"symbolic construction S={0}, pi=x, T={0,N}",proofs/theorems.md,paper label prop:unbounded,"Existence counterexample, not a characterization of every unbounded predictor",clean extracted standalone rerun; results/clean-extraction-check.json; 64-file semantic match with declared unsharded-scope completion,No: separate implementation and self-audit do not establish independent authorship or external review
replay-fixed,"For a fixed final set, canonical replay ranks reduce to final ranks for new keys and initial/retained-left/final ranks for old keys",written-proof;finite-checked,proofs/theorems.md: Lemma 17,src/driftcert/prefix.py,tests/prefix.py: literal state replay,results/campaign/prefix/envelope_u*.json,paper Lemma 5.1 and Equations 14--16,Only the declared source-prefix/delete-ascending/insert-ascending protocol,clean extracted standalone rerun; results/clean-extraction-check.json; 64-file semantic match with declared unsharded-scope completion,No: one development process and no external review
replay-envelope,Adding old-key source and family-minimum deletion-prefix ranks to the final envelope gives the exact canonical-replay envelope,written-proof;finite-checked,proofs/theorems.md: Lemma 18 and Theorem 19,src/driftcert/prefix.py,tests/prefix.py: exhaustive envelope oracle,results/campaign/prefix/envelope_u*.json,paper Theorem 5.3,Finite consecutive universe; active present queries; no arbitrary schedule claim,clean extracted standalone rerun; results/clean-extraction-check.json; 64-file semantic match with declared unsharded-scope completion,No: one development process and no external review
replay-separation,Final-state safety can hold while canonical replay violates the same window,written-proof;finite-checked,proofs/theorems.md: Proposition 20,src/driftcert/prefix.py,tests/prefix.py: regression,results/campaign/prefix/regression.json,paper Figure 5 and Proposition 5.4,"Existence counterexample, not prevalence claim",clean extracted standalone rerun; results/clean-extraction-check.json; 64-file semantic match with declared unsharded-scope completion,No: one development process and no external review
replay-minimum,Monotone bisection plus a violating replay witness and predecessor certificate yields the minimum replay-failure budget,written-proof;finite-checked,proofs/theorems.md: Theorem 21,src/driftcert/prefix.py,tests/prefix.py: exhaustive minimum oracle,results/campaign/prefix/minimum_u*.json,paper Theorem 5.5,Unit total-net-edit budget; fixed replay protocol,clean extracted standalone rerun; results/clean-extraction-check.json; 64-file semantic match with declared unsharded-scope completion,No: one development process and no external review
replay-checker,"The replay checker reconstructs schedule, final-family overlap, old-key obligations, attainment, and predecessor safety",written-proof;finite-checked,proofs/theorems.md: replay checker argument,src/driftcert/prefix_checker.py,tests/prefix.py: producer/checker and mutations,results/campaign/prefix/,Sections 5 and 7,"Separate implementation structure, not independent human verification or authentication",clean extracted standalone rerun; results/clean-extraction-check.json; 64-file semantic match with declared unsharded-scope completion,No: one development process and no external review
replay-oracles,"30080 replay contracts, 144664 prefixes, 259288 active-prefix queries, and 12696 minimum questions had zero mismatches",measured;finite-checked,not a general proof,tools/summarize.py,tests/prefix.py,results/summary/prefix.json,abstract and Table 7,Small finite universes; final-set occurrences counted with multiplicity,clean extracted standalone rerun; results/clean-extraction-check.json; 64-file semantic match with declared unsharded-scope completion,No: deterministic rerun is not independent review
replay-scaling,"Across 24 scale cases, replay contains the final envelope; 8 of 5460 segments widen in 4 cases and maximum widening is 929",measured;finite-checked,containment follows from semantics; counts are measured,src/driftcert/prefix.py,tests/prefix_scaling.py,results/campaign/prefix/scaling.json,Section 8.4 and replay scale table,Deterministic generated instances; no population-frequency claim,clean extracted standalone rerun; results/clean-extraction-check.json; 64-file semantic match with declared unsharded-scope completion,No: deterministic rerun is not independent review
independent-random,Separate literal-set and literal-replay oracle agrees on 2500 fixed-seed random instances,measured;finite-checked,not a general proof,tests/independent_random.py,fixed seed 8675309; universes at most 9; no closed-form overlap/atom/envelope/minimum helpers imported,results/independent-random.json,Section 8 complete finite oracles,Shares public input and predictor semantics and the same research process; not independent human review,"passed in final clean extraction: 2,500 instances, 1,216,188 replay queries, 7,500 minimum questions, zero mismatches",No external reviewer; independent oracle structure only
