name,url,license,access_date,resource_type,acquisition_method,integration_mode,supported_claim,internals_modified,access_scope
Prefix B-Trees,https://dl.acm.org/doi/pdf/10.1145/320521.320530,"publisher, proceedings, or author-manuscript terms; not redistributed",2026-09-19,scholarly paper,complete paper reviewed from the exact version recorded in sources/calibration-matrix.csv; no local PDF retained,full-paper writing/novelty calibration,Use a small running key example and keep representation invariants next to algorithms,no,"complete paper: title/abstract, all numbered sections, evaluation or examples, conclusion, and references; included appendices where present"
Rewriting the Infinite Chase for Guarded TGDs,https://hal.science/hal-04924507v1/file/chase_rewriting.pdf,"publisher, proceedings, or author-manuscript terms; not redistributed",2026-09-19,scholarly paper,complete paper reviewed from the exact version recorded in sources/calibration-matrix.csv; no local PDF retained,full-paper writing/novelty calibration,State scope sharply and separate mathematical theorem from executable evidence,no,"complete paper: title/abstract, all numbered sections, evaluation or examples, conclusion, and references; included appendices where present"
Accurate Sampling-Based Cardinality Estimation for Complex Graph Queries,https://www.cs.ox.ac.uk/boris.motik/pubs/psg24estimation.pdf,"publisher, proceedings, or author-manuscript terms; not redistributed",2026-09-19,scholarly paper,complete paper reviewed from the exact version recorded in sources/calibration-matrix.csv; no local PDF retained,full-paper writing/novelty calibration,Use a frozen protocol table and distinguish planned from exploratory experiments,no,"complete paper: title/abstract, all numbered sections, evaluation or examples, conclusion, and references; included appendices where present"
Adaptive Packed-Memory Arrays,https://dl.acm.org/doi/pdf/10.1145/1292609.1292616,"publisher, proceedings, or author-manuscript terms; not redistributed",2026-09-19,scholarly paper,complete paper reviewed from the exact version recorded in sources/calibration-matrix.csv; no local PDF retained,full-paper writing/novelty calibration,Put update-order assumptions next to the invariant they protect,no,"complete paper: title/abstract, all numbered sections, evaluation or examples, conclusion, and references; included appendices where present"
Succinct Range Filters,https://doi.org/10.1145/3375660,publisher terms; not redistributed,2026-10-06,scholarly paper,TODS identity checked against CMU author publication record; prior full-text link was unrelated and historical complete reading remains unconfirmed,identity and claim-specific comparison,Approximate point and range membership rather than exact rank prediction,no,identity and range-filter scope only; not counted as established complete-paper calibration
Height Optimized Tries,https://evazangerle.at/publication/binna-tods-2022/binna-tods-2022.pdf,"publisher, proceedings, or author-manuscript terms; not redistributed",2026-09-19,scholarly paper,complete paper reviewed from the exact version recorded in sources/calibration-matrix.csv; no local PDF retained,full-paper writing/novelty calibration,Keep physical-layout claims distinct from logical-order guarantees,no,"complete paper: title/abstract, all numbered sections, evaluation or examples, conclusion, and references; included appendices where present"
Supporting Better Insights of Data Science Pipelines with Fine-grained Provenance,https://dl.acm.org/doi/pdf/10.1145/3644385,"publisher, proceedings, or author-manuscript terms; not redistributed",2026-09-19,scholarly paper,complete paper reviewed from the exact version recorded in sources/calibration-matrix.csv; no local PDF retained,full-paper writing/novelty calibration,"Explain the certificate consumer and trust boundary, not only the producer",no,"complete paper: title/abstract, all numbered sections, evaluation or examples, conclusion, and references; included appendices where present"
Database Repairing with Soft Functional Dependencies,https://dl.acm.org/doi/pdf/10.1145/3651156,"publisher, proceedings, or author-manuscript terms; not redistributed",2026-09-19,scholarly paper,complete paper reviewed from the exact version recorded in sources/calibration-matrix.csv; no local PDF retained,full-paper writing/novelty calibration,"Separate feasibility, optimality, and empirical usefulness claims",no,"complete paper: title/abstract, all numbered sections, evaluation or examples, conclusion, and references; included appendices where present"
Ad Hoc Transactions through the Looking Glass,https://dl.acm.org/doi/pdf/10.1145/3638553,"publisher, proceedings, or author-manuscript terms; not redistributed",2026-09-19,scholarly paper,complete paper reviewed from the exact version recorded in sources/calibration-matrix.csv; no local PDF retained,full-paper writing/novelty calibration,Use an explicit protocol semantics before discussing intermediate-state safety,no,"complete paper: title/abstract, all numbered sections, evaluation or examples, conclusion, and references; included appendices where present"
A Survey of B-Tree Locking Techniques,https://dl.acm.org/doi/pdf/10.1145/1806907.1806908,"publisher, proceedings, or author-manuscript terms; not redistributed",2026-09-19,scholarly paper,complete paper reviewed from the exact version recorded in sources/calibration-matrix.csv; no local PDF retained,full-paper writing/novelty calibration,Include an adversarial taxonomy of update orders and non-claims,no,"complete paper: title/abstract, all numbered sections, evaluation or examples, conclusion, and references; included appendices where present"
Computing Optimal Repairs for Functional Dependencies,https://arxiv.org/pdf/1712.07705,"publisher, proceedings, or author-manuscript terms; not redistributed",2026-09-19,scholarly paper,complete paper reviewed from the exact version recorded in sources/calibration-matrix.csv; no local PDF retained,full-paper writing/novelty calibration,"When claiming a minimum witness, show both violation and predecessor safety",no,"complete paper: title/abstract, all numbered sections, evaluation or examples, conclusion, and references; included appendices where present"
Exact Model Counting of Query Expressions: Limitations of Propositional Methods,https://dl.acm.org/doi/pdf/10.1145/2984632,"publisher, proceedings, or author-manuscript terms; not redistributed",2026-09-19,scholarly paper,complete paper reviewed from the exact version recorded in sources/calibration-matrix.csv; no local PDF retained,full-paper writing/novelty calibration,Retain negative results and make them constrain the abstract/conclusion,no,"complete paper: title/abstract, all numbered sections, evaluation or examples, conclusion, and references; included appendices where present"
The Case for Learned Index Structures,https://arxiv.org/pdf/1712.01208,"publisher, proceedings, or author-manuscript terms; not redistributed",2026-09-19,scholarly paper,complete paper reviewed from the exact version recorded in sources/calibration-matrix.csv; no local PDF retained,"citation, technical comparison, and full-paper writing/novelty calibration",Distinguish current stored-key correction from future-set certification,no,"complete paper: title/abstract, all numbered sections, evaluation or examples, conclusion, and references; included appendices where present"
The PGM-index: A Fully-Dynamic Compressed Learned Index with Provable Worst-Case Bounds,https://www.vldb.org/pvldb/vol13/p1162-ferragina.pdf,"publisher, proceedings, or author-manuscript terms; not redistributed",2026-09-19,scholarly paper,complete paper reviewed from the exact version recorded in sources/calibration-matrix.csv; no local PDF retained,"citation, technical comparison, and full-paper writing/novelty calibration",Avoid implying a frozen certificate replaces maintained dynamic structures,no,"complete paper: title/abstract, all numbered sections, evaluation or examples, conclusion, and references; included appendices where present"
ALEX: An Updatable Adaptive Learned Index,https://jiayuasu.github.io/files/paper/alex-sigmod2020.pdf,"publisher, proceedings, or author-manuscript terms; not redistributed",2026-09-19,scholarly paper,complete paper reviewed from the exact version recorded in sources/calibration-matrix.csv; no local PDF retained,"citation, technical comparison, and full-paper writing/novelty calibration",Keep compact rank and physical address safety explicitly separate,no,"complete paper: title/abstract, all numbered sections, evaluation or examples, conclusion, and references; included appendices where present"
FITing-Tree: A Data-aware Index Structure,https://dl.acm.org/doi/pdf/10.1145/3299869.3319860,"publisher, proceedings, or author-manuscript terms; not redistributed",2026-09-19,scholarly paper,complete paper reviewed from the exact version recorded in sources/calibration-matrix.csv; no local PDF retained,"citation, technical comparison, and full-paper writing/novelty calibration",Use fixed-model comparison only for claims that do not require retraining,no,"complete paper: title/abstract, all numbered sections, evaluation or examples, conclusion, and references; included appendices where present"
Benchmarking Learned Indexes,https://www.vldb.org/pvldb/vol14/p1-marcus.pdf,"publisher, proceedings, or author-manuscript terms; not redistributed",2026-09-19,scholarly paper,complete paper reviewed from the exact version recorded in sources/calibration-matrix.csv; no local PDF retained,full-paper writing/novelty calibration,Do not convert finite proof checks into deployment-performance evidence,no,"complete paper: title/abstract, all numbered sections, evaluation or examples, conclusion, and references; included appendices where present"
Are Updatable Learned Indexes Ready?,https://www.vldb.org/pvldb/vol15/p3004-wongkham.pdf,"publisher, proceedings, or author-manuscript terms; not redistributed",2026-09-19,scholarly paper,complete paper reviewed from the exact version recorded in sources/calibration-matrix.csv; no local PDF retained,"citation, technical comparison, and full-paper writing/novelty calibration","Calibrate practical claims against maintained indexes, not only formulas",no,"complete paper: title/abstract, all numbered sections, evaluation or examples, conclusion, and references; included appendices where present"
Algorithmic Complexity Attacks on Dynamic Learned Indexes,https://www.vldb.org/pvldb/vol17/p780-yang.pdf,"publisher, proceedings, or author-manuscript terms; not redistributed",2026-09-19,scholarly paper,complete paper reviewed from the exact version recorded in sources/calibration-matrix.csv; no local PDF retained,"citation, technical comparison, and full-paper writing/novelty calibration",Treat update order as a first-class quantified object,no,"complete paper: title/abstract, all numbered sections, evaluation or examples, conclusion, and references; included appendices where present"
A Dynamic Piecewise-linear Geometric Index with Worst-case Guarantees,https://drops.dagstuhl.de/storage/00lipics/lipics-vol351-esa2025/LIPIcs.ESA.2025.64/LIPIcs.ESA.2025.64.pdf,"publisher, proceedings, or author-manuscript terms; not redistributed",2026-09-19,scholarly paper,complete paper reviewed from the exact version recorded in sources/calibration-matrix.csv; no local PDF retained,"citation, technical comparison, and full-paper writing/novelty calibration",Frame frozen replay envelopes as complementary to dynamic repair,no,"complete paper: title/abstract, all numbered sections, evaluation or examples, conclusion, and references; included appendices where present"
Understanding Robustness Issues of Updatable Learned Indexes,https://dl.acm.org/doi/pdf/10.1145/3749188,"publisher, proceedings, or author-manuscript terms; not redistributed",2026-09-19,scholarly paper,complete paper reviewed from the exact version recorded in sources/calibration-matrix.csv; no local PDF retained,"citation, technical comparison, and full-paper writing/novelty calibration",Report when a theoretically exact certificate is operationally uninformative,no,"complete paper: title/abstract, all numbered sections, evaluation or examples, conclusion, and references; included appendices where present"
Learned Index: A Comprehensive Experimental Evaluation,https://www.vldb.org/pvldb/vol16/p1992-sun.pdf,"publisher, proceedings, or author-manuscript terms; not redistributed",2026-09-19,scholarly paper,complete paper reviewed from the exact version recorded in sources/calibration-matrix.csv; no local PDF retained,"citation, technical comparison, and full-paper writing/novelty calibration","Keep exactness, maintenance cost, and query performance as separate axes",no,"complete paper: title/abstract, all numbered sections, evaluation or examples, conclusion, and references; included appendices where present"
Shift-Table: A Low-Latency Learned Index for Range Queries Using Model Correction,https://openproceedings.org/2021/conf/edbt/p91.pdf,proceedings terms; not redistributed,2026-09-19,scholarly paper,claim-relevant definitions and method passages reviewed from final proceedings PDF,citation and technical comparison,existing model-correction layer and terminology boundary,no,claim-relevant sections; not counted as a complete-paper calibration record
Theoretical Analysis of Learned Database Operations under Distribution Shift through Distribution Learnability,https://proceedings.mlr.press/v235/zeighami24a.html,PMLR terms; not redistributed,2026-09-19,scholarly paper,"claim-relevant theorem, assumptions, and surrounding discussion reviewed from PMLR full text",citation and technical comparison,distributional expected-error quantifiers differ from finite worst-case edit families,no,claim-relevant sections; not counted as a complete-paper calibration record
Lower Bounds for the Algorithmic Complexity of Learned Indexes,https://drops.dagstuhl.de/entities/document/10.4230/LIPIcs.ICDT.2026.14,CC BY 4.0; not redistributed,2026-09-19,scholarly paper,claim-relevant model and lower-bound sections reviewed from official LIPIcs HTML/PDF,citation and technical comparison,approximation and query-complexity lower bounds address different quantifiers,no,claim-relevant sections; not counted as a complete-paper calibration record
Wine dataset,https://archive.ics.uci.edu/dataset/109/wine,CC BY 4.0,2026-09-19,public data,exact locally bundled numeric CSV; UCI metadata and license reviewed,unchanged CSV plus documented Proline projection,small public integer-key fixture,no,all 178 rows; 121 unique integer Proline values
scikit-learn Wine loader documentation,https://scikit-learn.org/stable/modules/generated/sklearn.datasets.load_wine.html,documentation terms; not redistributed,2026-09-19,official data documentation,official documentation reviewed,provenance only,numeric feature order and dataset attributes,no,documentation only; no sklearn loader or model code executed
Supplied acmart class and ACM reference style,https://www.acm.org/publications/authors/submissions,supplied upstream license retained in paper/LICENSE,2026-09-19,publisher template,user-supplied archive matched byte-for-byte for acmart.cls and ACM-Reference-Format.bst,unmodified publisher files,acmsmall anonymous review-family template and bibliography style,no,supplied files fully inspected; live page is an external-use recheck item
TODS author guidelines,https://dl.acm.org/journal/tods/author-guidelines,official web page; not redistributed,2026-09-19,venue policy,direct official page attempted and indexed official material checked,"workflow only, not a manuscript reference",stored internal venue contract; live rules must be rechecked before submission,no,direct page access remained restricted; no claim of a complete live-rule audit
