key,identifier_type,identifier,record_scope,review_date,notes
kraska2018case,DOI,10.1145/3183713.3196909,"canonical publisher, proceedings, archive, or repository landing record",2026-09-19,Used for identifier-level provenance; detailed complete-paper review is separately limited to the 22 calibration rows.
ferragina2020pgm,DOI,10.14778/3389133.3389135,"canonical publisher, proceedings, archive, or repository landing record",2026-09-19,Used for identifier-level provenance; detailed complete-paper review is separately limited to the 22 calibration rows.
ding2020alex,DOI,10.1145/3318464.3389711,"canonical publisher, proceedings, archive, or repository landing record",2026-09-19,Used for identifier-level provenance; detailed complete-paper review is separately limited to the 22 calibration rows.
hadian2021shift,DOI,10.5441/002/edbt.2021.23,"canonical publisher, proceedings, archive, or repository landing record",2026-09-19,Used for identifier-level provenance; detailed complete-paper review is separately limited to the 22 calibration rows.
gaede2025dynamic,DOI,10.4230/LIPIcs.ESA.2025.64,"canonical publisher, proceedings, archive, or repository landing record",2026-09-19,Used for identifier-level provenance; detailed complete-paper review is separately limited to the 22 calibration rows.
zeighami2024shift,stable URL,https://proceedings.mlr.press/v235/zeighami24a.html,"canonical publisher, proceedings, archive, or repository landing record",2026-09-19,Used for identifier-level provenance; detailed complete-paper review is separately limited to the 22 calibration rows.
croquevielle2026lower,DOI,10.4230/LIPIcs.ICDT.2026.14,"canonical publisher, proceedings, archive, or repository landing record",2026-09-19,Used for identifier-level provenance; detailed complete-paper review is separately limited to the 22 calibration rows.
aeberhard1992wine,DOI,10.24432/C5PC7J,"canonical publisher, proceedings, archive, or repository landing record",2026-09-19,Used for identifier-level provenance; detailed complete-paper review is separately limited to the 22 calibration rows.
andersen2022micro,DOI,10.1145/3533702.3534917,"canonical publisher, proceedings, archive, or repository landing record",2026-09-19,Used for identifier-level provenance; detailed complete-paper review is separately limited to the 22 calibration rows.
bachfischer2022testing,DOI,10.48550/arXiv.2207.11575,"canonical publisher, proceedings, archive, or repository landing record",2026-09-19,Used for identifier-level provenance; detailed complete-paper review is separately limited to the 22 calibration rows.
bayer1970organization,DOI,10.1145/1734663.1734671,"canonical publisher, proceedings, archive, or repository landing record",2026-09-19,Used for identifier-level provenance; detailed complete-paper review is separately limited to the 22 calibration rows.
bayer1977prefix,DOI,10.1145/320521.320530,"canonical publisher, proceedings, archive, or repository landing record",2026-09-19,Used for identifier-level provenance; detailed complete-paper review is separately limited to the 22 calibration rows.
bender2007adaptive,DOI,10.1145/1292609.1292616,"canonical publisher, proceedings, archive, or repository landing record",2026-09-19,Used for identifier-level provenance; detailed complete-paper review is separately limited to the 22 calibration rows.
binna2018hot,DOI,10.1145/3183713.3196896,"canonical publisher, proceedings, archive, or repository landing record",2026-09-19,Used for identifier-level provenance; detailed complete-paper review is separately limited to the 22 calibration rows.
binna2022height,DOI,10.1145/3506692,"canonical publisher, proceedings, archive, or repository landing record",2026-09-19,Used for identifier-level provenance; detailed complete-paper review is separately limited to the 22 calibration rows.
choi2024sampling,DOI,10.1145/3654919,"canonical publisher, proceedings, archive, or repository landing record",2026-09-19,Used for identifier-level provenance; detailed complete-paper review is separately limited to the 22 calibration rows.
comer1979ubiquitous,DOI,10.1145/356770.356776,"canonical publisher, proceedings, archive, or repository landing record",2026-09-19,Used for identifier-level provenance; detailed complete-paper review is separately limited to the 22 calibration rows.
crotty2021hist,stable URL,https://www.cidrdb.org/cidr2021/papers/cidr2021_paper20.pdf,"canonical publisher, proceedings, archive, or repository landing record",2026-09-19,Used for identifier-level provenance; detailed complete-paper review is separately limited to the 22 calibration rows.
dai2020bourbon,stable URL,https://www.usenix.org/conference/osdi20/presentation/dai,"canonical publisher, proceedings, archive, or repository landing record",2026-09-19,Used for identifier-level provenance; detailed complete-paper review is separately limited to the 22 calibration rows.
ferragina2020why,stable URL,https://proceedings.mlr.press/v119/ferragina20a.html,"canonical publisher, proceedings, archive, or repository landing record",2026-09-19,Used for identifier-level provenance; detailed complete-paper review is separately limited to the 22 calibration rows.
galakatos2019fiting,DOI,10.1145/3299869.3319860,"canonical publisher, proceedings, archive, or repository landing record",2026-09-19,Used for identifier-level provenance; detailed complete-paper review is separately limited to the 22 calibration rows.
ge2023cutting,DOI,10.1109/ICDE55515.2023.00031,"canonical publisher, proceedings, archive, or repository landing record",2026-09-19,Used for identifier-level provenance; detailed complete-paper review is separately limited to the 22 calibration rows.
ge2023sali,DOI,10.1145/3626752,"canonical publisher, proceedings, archive, or repository landing record",2026-09-19,Used for identifier-level provenance; detailed complete-paper review is separately limited to the 22 calibration rows.
hadian2019interpolation,DOI,10.5441/002/EDBT.2019.93,"canonical publisher, proceedings, archive, or repository landing record",2026-09-19,Used for identifier-level provenance; detailed complete-paper review is separately limited to the 22 calibration rows.
hadian2020madex,stable URL,https://arxiv.org/abs/2008.10798,"canonical publisher, proceedings, archive, or repository landing record",2026-09-19,Used for identifier-level provenance; detailed complete-paper review is separately limited to the 22 calibration rows.
kipf2019sosd,stable URL,https://arxiv.org/abs/1911.13014,"canonical publisher, proceedings, archive, or repository landing record",2026-09-19,Used for identifier-level provenance; detailed complete-paper review is separately limited to the 22 calibration rows.
kipf2020radixspline,DOI,10.1145/3401071.3401659,"canonical publisher, proceedings, archive, or repository landing record",2026-09-19,Used for identifier-level provenance; detailed complete-paper review is separately limited to the 22 calibration rows.
kornaropoulos2022poisoning,DOI,10.1145/3514221.3517867,"canonical publisher, proceedings, archive, or repository landing record",2026-09-19,Used for identifier-level provenance; detailed complete-paper review is separately limited to the 22 calibration rows.
kurmanji2023detect,DOI,10.1145/3588713,"canonical publisher, proceedings, archive, or repository landing record",2026-09-19,Used for identifier-level provenance; detailed complete-paper review is separately limited to the 22 calibration rows.
lan2024ondisk,DOI,10.1109/ICDE60146.2024.00369,"canonical publisher, proceedings, archive, or repository landing record",2026-09-19,Used for identifier-level provenance; detailed complete-paper review is separately limited to the 22 calibration rows.
lehmann2024optimizer,DOI,10.14778/3654621.3654625,"canonical publisher, proceedings, archive, or repository landing record",2026-09-19,Used for identifier-level provenance; detailed complete-paper review is separately limited to the 22 calibration rows.
leis2013art,DOI,10.1109/ICDE.2013.6544812,"canonical publisher, proceedings, archive, or repository landing record",2026-09-19,Used for identifier-level provenance; detailed complete-paper review is separately limited to the 22 calibration rows.
leis2016artsync,DOI,10.1145/2933349.2933352,"canonical publisher, proceedings, archive, or repository landing record",2026-09-19,Used for identifier-level provenance; detailed complete-paper review is separately limited to the 22 calibration rows.
li2021finedex,DOI,10.14778/3489496.3489512,"canonical publisher, proceedings, archive, or repository landing record",2026-09-19,Used for identifier-level provenance; detailed complete-paper review is separately limited to the 22 calibration rows.
li2023dili,DOI,10.14778/3598581.3598593,"canonical publisher, proceedings, archive, or repository landing record",2026-09-19,Used for identifier-level provenance; detailed complete-paper review is separately limited to the 22 calibration rows.
liu2025multidim,DOI,10.1007/s00778-024-00893-6,"canonical publisher, proceedings, archive, or repository landing record",2026-09-19,Used for identifier-level provenance; detailed complete-paper review is separately limited to the 22 calibration rows.
luo2015piecewise,DOI,10.1109/ICDE.2015.7113282,"canonical publisher, proceedings, archive, or repository landing record",2026-09-19,Used for identifier-level provenance; detailed complete-paper review is separately limited to the 22 calibration rows.
ma2022film,DOI,10.14778/3570690.3570704,"canonical publisher, proceedings, archive, or repository landing record",2026-09-19,Used for identifier-level provenance; detailed complete-paper review is separately limited to the 22 calibration rows.
maltry2022critical,DOI,10.14778/3510397.3510405,"canonical publisher, proceedings, archive, or repository landing record",2026-09-19,Used for identifier-level provenance; detailed complete-paper review is separately limited to the 22 calibration rows.
marcus2020benchmarking,DOI,10.14778/3421424.3421425,"canonical publisher, proceedings, archive, or repository landing record",2026-09-19,Used for identifier-level provenance; detailed complete-paper review is separately limited to the 22 calibration rows.
marcus2020cdfshop,DOI,10.1145/3318464.3384706,"canonical publisher, proceedings, archive, or repository landing record",2026-09-19,Used for identifier-level provenance; detailed complete-paper review is separately limited to the 22 calibration rows.
raman2024sortedness,DOI,10.1145/3662165.3662764,"canonical publisher, proceedings, archive, or repository landing record",2026-09-19,Used for identifier-level provenance; detailed complete-paper review is separately limited to the 22 calibration rows.
raman2022bods,DOI,10.1007/978-3-031-29576-8_2,"canonical publisher, proceedings, archive, or repository landing record",2026-09-19,Used for identifier-level provenance; detailed complete-paper review is separately limited to the 22 calibration rows.
raman2023nearsorted,stable URL,https://ieeexplore.ieee.org/document/10184781,"canonical publisher, proceedings, archive, or repository landing record",2026-09-19,Used for identifier-level provenance; detailed complete-paper review is separately limited to the 22 calibration rows.
rumbaugh2024dynamization,DOI,10.14778/3681954.3681969,"canonical publisher, proceedings, archive, or repository landing record",2026-09-19,Used for identifier-level provenance; detailed complete-paper review is separately limited to the 22 calibration rows.
sun2023comprehensive,DOI,10.14778/3594512.3594528,"canonical publisher, proceedings, archive, or repository landing record",2026-09-19,Used for identifier-level provenance; detailed complete-paper review is separately limited to the 22 calibration rows.
tang2020xindex,DOI,10.1145/3332466.3374547,"canonical publisher, proceedings, archive, or repository landing record",2026-09-19,Used for identifier-level provenance; detailed complete-paper review is separately limited to the 22 calibration rows.
wongkham2022ready,DOI,10.14778/3551793.3551848,"canonical publisher, proceedings, archive, or repository landing record",2026-09-19,Used for identifier-level provenance; detailed complete-paper review is separately limited to the 22 calibration rows.
wu2021lipp,DOI,10.14778/3457390.3457393,"canonical publisher, proceedings, archive, or repository landing record",2026-09-19,Used for identifier-level provenance; detailed complete-paper review is separately limited to the 22 calibration rows.
wu2024shifting,DOI,10.1145/3639293,"canonical publisher, proceedings, archive, or repository landing record",2026-09-19,Used for identifier-level provenance; detailed complete-paper review is separately limited to the 22 calibration rows.
wu2022nfl,DOI,10.14778/3547305.3547322,"canonical publisher, proceedings, archive, or repository landing record",2026-09-19,Used for identifier-level provenance; detailed complete-paper review is separately limited to the 22 calibration rows.
yang2023dytis,DOI,10.1145/3552326.3587434,"canonical publisher, proceedings, archive, or repository landing record",2026-09-19,Used for identifier-level provenance; detailed complete-paper review is separately limited to the 22 calibration rows.
yang2024attacks,DOI,10.14778/3636218.3636232,"canonical publisher, proceedings, archive, or repository landing record",2026-09-19,Used for identifier-level provenance; detailed complete-paper review is separately limited to the 22 calibration rows.
yu2022treeline,DOI,10.14778/3561261.3561270,"canonical publisher, proceedings, archive, or repository landing record",2026-09-19,Used for identifier-level provenance; detailed complete-paper review is separately limited to the 22 calibration rows.
zeighami2023sublog,stable URL,https://proceedings.mlr.press/v202/zeighami23a.html,"canonical publisher, proceedings, archive, or repository landing record",2026-09-19,Used for identifier-level provenance; detailed complete-paper review is separately limited to the 22 calibration rows.
zhang2016hybrid,DOI,10.1145/2882903.2915222,"canonical publisher, proceedings, archive, or repository landing record",2026-09-19,Used for identifier-level provenance; detailed complete-paper review is separately limited to the 22 calibration rows.
zhang2024disk,DOI,10.1145/3654954,"canonical publisher, proceedings, archive, or repository landing record",2026-09-19,Used for identifier-level provenance; detailed complete-paper review is separately limited to the 22 calibration rows.
zhang2024hyper,DOI,10.1145/3654948,"canonical publisher, proceedings, archive, or repository landing record",2026-09-19,Used for identifier-level provenance; detailed complete-paper review is separately limited to the 22 calibration rows.
zhang2023plin,DOI,10.14778/3565816.3565826,"canonical publisher, proceedings, archive, or repository landing record",2026-09-19,Used for identifier-level provenance; detailed complete-paper review is separately limited to the 22 calibration rows.
zhou2023twotree,stable URL,https://www.cidrdb.org/cidr2023/papers/p57-zhou.pdf,"canonical publisher, proceedings, archive, or repository landing record",2026-09-19,Used for identifier-level provenance; detailed complete-paper review is separately limited to the 22 calibration rows.
luo2025robustness,DOI,10.1145/3749188,"canonical publisher, proceedings, archive, or repository landing record",2026-09-19,Used for identifier-level provenance; detailed complete-paper review is separately limited to the 22 calibration rows.
graf2020surf,DOI,10.1145/3375660,"canonical publisher, proceedings, archive, or repository landing record",2026-09-19,Used for identifier-level provenance; detailed complete-paper review is separately limited to the 22 calibration rows.
graefe2010locking,DOI,10.1145/1806907.1806908,"canonical publisher, proceedings, archive, or repository landing record",2026-09-19,Used for identifier-level provenance; detailed complete-paper review is separately limited to the 22 calibration rows.
mcconnell2011certifying,DOI,10.1016/j.cosrev.2010.09.009,"canonical publisher, proceedings, archive, or repository landing record",2026-09-19,Used for identifier-level provenance; detailed complete-paper review is separately limited to the 22 calibration rows.
necula1997pcc,DOI,10.1145/263699.263712,"canonical publisher, proceedings, archive, or repository landing record",2026-09-19,Used for identifier-level provenance; detailed complete-paper review is separately limited to the 22 calibration rows.
