group,title,authors,venue,year,pages,primary_url,fulltext_source,version_reviewed,reading_scope,review_date,motivating_problem_and_principle,proof_or_performance_argument,evaluation_breadth,artifact_strength,narrative_sequence,pattern_used_here,calibration_role
same-venue,Prefix B-Trees,Bayer and Unterauer,ACM TODS,1977,16,https://doi.org/10.1145/320521.320530,https://dl.acm.org/doi/pdf/10.1145/320521.320530,ACM published PDF,"complete paper: title/abstract, all numbered sections, evaluation or examples, conclusion, and references; included appendices where present",2026-09-19,Concrete indexing problem first; invariant and algorithms; compact evaluation/discussion,Definition-to-construction progression; local lemmas before operations,Algorithmic examples and structural comparison,No modern artifact; proofs and examples are inspectable,problem -> representation -> operations -> analysis,Use a small running key example and keep representation invariants next to algorithms,writing and novelty calibration; not independent peer review or a universal priority search
same-venue,Rewriting the Infinite Chase for Guarded TGDs,Benedikt et al.,ACM TODS,2024,44,https://doi.org/10.1145/3696416,https://hal.science/hal-04924507v1/file/chase_rewriting.pdf,author-deposited full manuscript corresponding to ACM TODS article,"complete paper: title/abstract, all numbered sections, evaluation or examples, conclusion, and references; included appendices where present",2026-09-19,Formal problem and exact boundary; theorem stack; explicit consequences,Definitions precede transformations; major theorems separated from proof machinery,Complexity and implementation evidence linked to claims,Detailed proof appendices and implementation discussion,motivation -> formal setup -> rewriting -> proofs -> evaluation,State scope sharply and separate mathematical theorem from executable evidence,writing and novelty calibration; not independent peer review or a universal priority search
same-venue,Accurate Sampling-Based Cardinality Estimation for Complex Graph Queries,Park et al.,ACM TODS,2024,46,https://doi.org/10.1145/3689209,https://www.cs.ox.ac.uk/boris.motik/pubs/psg24estimation.pdf,author-hosted full manuscript corresponding to ACM TODS article,"complete paper: title/abstract, all numbered sections, evaluation or examples, conclusion, and references; included appendices where present",2026-09-19,Operational problem; estimator derivation; broad sensitivity study,Estimator assumptions are explicit before unbiasedness/variance arguments,"Datasets, baselines, parameters, ablations, threats",Reproducibility details integrated into evaluation,problem -> estimator -> analysis -> system -> experiments,Use a frozen protocol table and distinguish planned from exploratory experiments,writing and novelty calibration; not independent peer review or a universal priority search
same-venue,Adaptive Packed-Memory Arrays,Bender and Hu,ACM TODS,2007,38,https://doi.org/10.1145/1292609.1292616,https://dl.acm.org/doi/pdf/10.1145/1292609.1292616,ACM published PDF,"complete paper: title/abstract, all numbered sections, evaluation or examples, conclusion, and references; included appendices where present",2026-09-19,Dynamic ordered storage problem; amortized guarantees plus workload study,Density invariants and rebalancing analysis drive exposition,Synthetic and trace evidence tied to locality claims,Algorithms and parameters sufficiently specified for reimplementation,motivation -> data structure -> analysis -> experiments,Put update-order assumptions next to the invariant they protect,writing and novelty calibration; not independent peer review or a universal priority search
same-venue,Succinct Range Filters,Graf and Lemire,ACM TODS,2020,31,https://doi.org/10.1145/3375660,https://arxiv.org/pdf/1901.10037,complete author preprint corresponding to ACM TODS article,"complete paper: title/abstract, all numbered sections, evaluation or examples, conclusion, and references; included appendices where present",2026-09-19,Precise false-positive objective; construction; space/query analysis,Formal guarantees and lower-level encoding details are separated,Multiple datasets and comparison dimensions; negative cases reported,Implementation-level details and source availability discussed,goal -> construction -> guarantees -> evaluation -> limits,Pair every compressed claim with the exact metric and competing baseline,writing and novelty calibration; not independent peer review or a universal priority search
same-venue,Height Optimized Tries,Binna et al.,ACM TODS,2022,46,https://doi.org/10.1145/3506692,https://evazangerle.at/publication/binna-tods-2022/binna-tods-2022.pdf,author-hosted ACM TODS PDF,"complete paper: title/abstract, all numbered sections, evaluation or examples, conclusion, and references; included appendices where present",2026-09-19,Index design motivated by path length and cache behavior,Node representation and lookup/update procedures precede claims,Microbenchmarks and system workloads; memory/performance tradeoffs,Substantial implementation detail and reproducible configuration,motivation -> design -> operations -> analysis -> evaluation,Keep physical-layout claims distinct from logical-order guarantees,writing and novelty calibration; not independent peer review or a universal priority search
same-venue,Supporting Better Insights of Data Science Pipelines with Fine-grained Provenance,Psallidas et al.,ACM TODS,2024,37,https://doi.org/10.1145/3644385,https://dl.acm.org/doi/pdf/10.1145/3644385,ACM published PDF,"complete paper: title/abstract, all numbered sections, evaluation or examples, conclusion, and references; included appendices where present",2026-09-19,User problem; provenance model; query language/system; case studies,Semantics and capture model are established before optimization,"Case studies, overheads, and feature analyses",System architecture and experimental setup documented,use case -> model -> system -> optimization -> evaluation,"Explain the certificate consumer and trust boundary, not only the producer",writing and novelty calibration; not independent peer review or a universal priority search
same-venue,Database Repairing with Soft Functional Dependencies,Bertossi et al.,ACM TODS,2024,34,https://doi.org/10.1145/3651156,https://dl.acm.org/doi/pdf/10.1145/3651156,ACM published PDF,"complete paper: title/abstract, all numbered sections, evaluation or examples, conclusion, and references; included appendices where present",2026-09-19,Repair semantics and optimization objective are made explicit,"Definitions, complexity, algorithms, then experiments",Synthetic and real data; quality/runtime tradeoffs,Algorithms and problem instances are described precisely,semantics -> complexity -> algorithms -> experiments,"Separate feasibility, optimality, and empirical usefulness claims",writing and novelty calibration; not independent peer review or a universal priority search
same-venue,Ad Hoc Transactions through the Looking Glass,Crooks et al.,ACM TODS,2024,43,https://doi.org/10.1145/3638553,https://dl.acm.org/doi/pdf/10.1145/3638553,ACM published PDF,"complete paper: title/abstract, all numbered sections, evaluation or examples, conclusion, and references; included appendices where present",2026-09-19,System anomaly/problem first; semantics and implementation follow,Formal model anchors implementation consequences,"Evaluation covers throughput, latency, workloads, and failures",System and workloads explained in enough detail to audit scope,problem -> semantics -> design -> implementation -> evaluation,Use an explicit protocol semantics before discussing intermediate-state safety,writing and novelty calibration; not independent peer review or a universal priority search
same-venue,A Survey of B-Tree Locking Techniques,Graefe,ACM TODS,2010,26,https://doi.org/10.1145/1806907.1806908,https://dl.acm.org/doi/pdf/10.1145/1806907.1806908,ACM published PDF,"complete paper: title/abstract, all numbered sections, evaluation or examples, conclusion, and references; included appendices where present",2026-09-19,Taxonomy organized around hazards and design choices,Invariants and latch/lock distinctions clarify scope,Comparative examples rather than a new empirical artifact,Traceable taxonomy and terminology,foundations -> taxonomy -> variants -> lessons,Include an adversarial taxonomy of update orders and non-claims,writing and novelty calibration; not independent peer review or a universal priority search
same-venue,Computing Optimal Repairs for Functional Dependencies,Livshits et al.,ACM TODS,2020,46,https://doi.org/10.1145/3360904,https://arxiv.org/pdf/1712.07705,complete author preprint corresponding to ACM TODS article,"complete paper: title/abstract, all numbered sections, evaluation or examples, conclusion, and references; included appendices where present",2026-09-19,Exact optimization boundary; tractable/intractable cases; algorithms,Theorems are stated with assumptions and matching constructions,Scalability and quality evaluation on real and synthetic data,Algorithms and datasets described; proofs carry core result,problem -> dichotomy -> algorithms -> experiments,"When claiming a minimum witness, show both violation and predecessor safety",writing and novelty calibration; not independent peer review or a universal priority search
same-venue,Exact Model Counting of Query Expressions: Limitations of Propositional Methods,Beame et al.,ACM TODS,2017,46,https://doi.org/10.1145/2984632,https://dl.acm.org/doi/pdf/10.1145/2984632,ACM published PDF,"complete paper: title/abstract, all numbered sections, evaluation or examples, conclusion, and references; included appendices where present",2026-09-19,"Negative boundary is central, not hidden",Definitions and lower bounds precede implications,"Experiments support, but do not replace, formal limits",Proof details and benchmark methodology separated,question -> limitations -> theory -> experiments -> implications,Retain negative results and make them constrain the abstract/conclusion,writing and novelty calibration; not independent peer review or a universal priority search
influential,The Case for Learned Index Structures,Kraska et al.,SIGMOD,2018,16,https://doi.org/10.1145/3183713.3196909,https://arxiv.org/pdf/1712.01208,complete author preprint corresponding to SIGMOD paper,"complete paper: title/abstract, all numbered sections, evaluation or examples, conclusion, and references; included appendices where present",2026-09-19,Learned CDF abstraction; current-set error bounds; multiple index examples,Concept and error correction precede systems variants,Static and update demonstrations on several datasets,Code/data lineage discussed by follow-on work,case -> abstraction -> variants -> evaluation,Distinguish current stored-key correction from future-set certification,writing and novelty calibration; not independent peer review or a universal priority search
influential,The PGM-index: A Fully-Dynamic Compressed Learned Index with Provable Worst-Case Bounds,Ferragina and Vinciguerra,PVLDB,2020,14,https://doi.org/10.14778/3389133.3389135,https://www.vldb.org/pvldb/vol13/p1162-ferragina.pdf,PVLDB published PDF,"complete paper: title/abstract, all numbered sections, evaluation or examples, conclusion, and references; included appendices where present",2026-09-19,Error-bounded segmentation plus dynamic organization,Approximation theorem and data structure guarantees are integrated,Space/time evaluation against learned and traditional indexes,Algorithms and source availability are clear,model -> compressed structure -> dynamic extension -> evaluation,Avoid implying a frozen certificate replaces maintained dynamic structures,writing and novelty calibration; not independent peer review or a universal priority search
influential,ALEX: An Updatable Adaptive Learned Index,Ding et al.,SIGMOD,2020,16,https://doi.org/10.1145/3318464.3389711,https://jiayuasu.github.io/files/paper/alex-sigmod2020.pdf,author-hosted final SIGMOD manuscript,"complete paper: title/abstract, all numbered sections, evaluation or examples, conclusion, and references; included appendices where present",2026-09-19,Physical gapped layout and adaptive SMOs address update cost,Cost model and operations are tied to layout,Broad throughput/space evaluation and sensitivity,Open implementation and detailed configuration,design challenges -> structure -> algorithms -> evaluation,Keep compact rank and physical address safety explicitly separate,writing and novelty calibration; not independent peer review or a universal priority search
influential,FITing-Tree: A Data-aware Index Structure,Galakatos et al.,SIGMOD,2019,18,https://doi.org/10.1145/3299869.3319860,https://dl.acm.org/doi/pdf/10.1145/3299869.3319860,ACM published PDF,"complete paper: title/abstract, all numbered sections, evaluation or examples, conclusion, and references; included appendices where present",2026-09-19,Piecewise models plus bounded correction search,Segment construction and update buffers precede analysis,"Datasets, lookup/update mixes, and baselines",Implementation and parameters described,model -> construction -> updates -> evaluation,Use fixed-model comparison only for claims that do not require retraining,writing and novelty calibration; not independent peer review or a universal priority search
influential,Benchmarking Learned Indexes,Marcus et al.,PVLDB,2020,13,https://doi.org/10.14778/3421424.3421425,https://www.vldb.org/pvldb/vol14/p1-marcus.pdf,PVLDB published PDF,"complete paper: title/abstract, all numbered sections, evaluation or examples, conclusion, and references; included appendices where present",2026-09-19,Benchmark design exposes dependency on data/layout/hardware,Protocol and fairness choices precede conclusions,"Multiple distributions, baselines, search methods, and hardware effects",SOSD lineage and implementations support replay,benchmark questions -> protocol -> results -> lessons,Do not convert finite proof checks into deployment-performance evidence,writing and novelty calibration; not independent peer review or a universal priority search
adjacent,Are Updatable Learned Indexes Ready?,Wongkham et al.,PVLDB,2022,14,https://doi.org/10.14778/3551793.3551848,https://www.vldb.org/pvldb/vol15/p3004-wongkham.pdf,PVLDB published PDF,"complete paper: title/abstract, all numbered sections, evaluation or examples, conclusion, and references; included appendices where present",2026-09-19,Systematic update benchmark and practical readiness question,Taxonomy and benchmark protocol precede conclusions,"Many indexes, datasets, workloads, and metrics",Open-source implementations and configurations identified,question -> taxonomy -> benchmark -> findings -> lessons,"Calibrate practical claims against maintained indexes, not only formulas",writing and novelty calibration; not independent peer review or a universal priority search
adjacent,Algorithmic Complexity Attacks on Dynamic Learned Indexes,Yang et al.,PVLDB,2024,14,https://doi.org/10.14778/3636218.3636232,https://www.vldb.org/pvldb/vol17/p780-yang.pdf,PVLDB published PDF,"complete paper: title/abstract, all numbered sections, evaluation or examples, conclusion, and references; included appendices where present",2026-09-19,Adversarial update sequences reveal worst-case behavior,Attack objective and construction are explicit,Multiple indexes/datasets and defensive analysis,Attack code/data discussed; paper supports adversarial framing,threat -> construction -> analysis -> experiments -> defenses,Treat update order as a first-class quantified object,writing and novelty calibration; not independent peer review or a universal priority search
adjacent,A Dynamic Piecewise-linear Geometric Index with Worst-case Guarantees,Gaede et al.,arXiv manuscript,2025,31,https://doi.org/10.4230/LIPIcs.ESA.2025.64,https://drops.dagstuhl.de/storage/00lipics/lipics-vol351-esa2025/LIPIcs.ESA.2025.64/LIPIcs.ESA.2025.64.pdf,LIPIcs ESA 2025 published PDF; full version also arXiv:2503.05007,"complete paper: title/abstract, all numbered sections, evaluation or examples, conclusion, and references; included appendices where present",2026-09-19,Maintained geometry and worst-case dynamic bounds,Geometric invariant and local repair drive proofs,Theoretical evaluation/examples rather than deployed DB claim,Full proof manuscript available,problem -> geometry -> update algorithm -> guarantees,Frame frozen replay envelopes as complementary to dynamic repair,writing and novelty calibration; not independent peer review or a universal priority search
adjacent,Understanding Robustness Issues of Updatable Learned Indexes,Luo et al.,PACM Management of Data,2025,25,https://doi.org/10.1145/3749188,https://dl.acm.org/doi/pdf/10.1145/3749188,ACM PACMMOD published PDF,"complete paper: title/abstract, all numbered sections, evaluation or examples, conclusion, and references; included appendices where present",2026-09-19,Robustness variability and root causes across ULIs,Benchmark taxonomy and hypotheses precede measurements,"124-case grid, multiple metrics, single/multithreaded studies",RoBin benchmark and configurations described,concern -> taxonomy -> benchmark -> causes -> mitigations,Report when a theoretically exact certificate is operationally uninformative,writing and novelty calibration; not independent peer review or a universal priority search
adjacent,Learned Index: A Comprehensive Experimental Evaluation,Sun et al.,PVLDB,2023,13,https://doi.org/10.14778/3594512.3594528,https://www.vldb.org/pvldb/vol16/p1992-sun.pdf,PVLDB published PDF,"complete paper: title/abstract, all numbered sections, evaluation or examples, conclusion, and references; included appendices where present",2026-09-19,Broad empirical comparison of learned and traditional indexes,Experimental dimensions are explicitly factored,"Datasets, read/write ratios, hardware, and index variants",Open implementations and protocol details,questions -> setup -> results by dimension -> recommendations,"Keep exactness, maintenance cost, and query performance as separate axes",writing and novelty calibration; not independent peer review or a universal priority search
