n,family,segments,domain_width,minimum_edits,certificate_bytes,exact_width,no_cardinality_width,no_total_width,uniform_width,direct_cpu_median,direct_cpu_min,direct_cpu_max,bisection_cpu_median,bisection_cpu_min,bisection_cpu_max,envelope_cpu_median,envelope_cpu_min,envelope_cpu_max,checker_cpu_median,checker_cpu_min,checker_cpu_max,direct_candidates,binary_envelope_calls,peak_rss_kib
32,uniform,1,346,2,251,20,20,20,22,0.001349928999999972,0.0013482759999999816,0.0014131620000000233,0.00031906499999995175,0.0003148779999999629,0.0003691690000000025,9.69140000000035e-05,9.529200000002458e-05,9.914700000002163e-05,0.00012005900000000569,0.00011758500000003114,0.00019111400000004775,212,4,93104
32,alternating,1,68719476880,,267,4,5,4,6,0.001238572999999965,0.001209069000000007,0.0013435989999999731,0.0001005099999999981,9.07749999999874e-05,0.00011925699999998374,8.659899999996501e-05,8.328299999998956e-05,9.670300000003129e-05,0.00011100499999999736,0.0001051160000000162,0.00016423399999998534,144,1,93128
32,increasing,1,34537601,,270,11,12,11,13,0.0014371880000000337,0.0014314690000000185,0.001490718000000002,0.00013221699999999004,0.00010865100000001515,0.00014513599999999016,0.00010209199999999807,9.986899999997467e-05,0.00010413399999997797,0.0001286320000000174,0.00012640800000002228,0.00013265699999998048,205,1,93092
32,clustered,1,191,2,270,65,66,65,67,0.0012011169999999738,0.0011962089999999481,0.0012715320000000196,0.00030554399999999093,0.0003040020000000254,0.00032816800000001756,8.261300000000915e-05,8.220300000000291e-05,8.452600000002919e-05,0.00011202700000001453,0.00011050500000003849,0.00011474099999997378,150,4,93104
128,uniform,4,1018,2,980,12.75,17,12.75,18.25,0.005363530000000005,0.005259845000000041,0.005509577000000043,0.0018885599999999836,0.0018641229999999953,0.002014807999999979,0.0003560599999999914,0.0003552480000000302,0.00036481199999999214,0.00046743500000001603,0.00046519200000000316,0.0004942159999999918,806,6,93100
128,alternating,4,274877907136,6,1049,10,14,10,15,0.004984095000000022,0.004862372999999975,0.005104423999999996,0.0021901079999999684,0.002185601000000037,0.0023395909999999742,0.00031028199999999506,0.0002968220000000299,0.0003469660000000041,0.0004058239999999991,0.00040391099999997904,0.00041193299999997546,774,7,93104
128,increasing,4,540999809,6,1054,12.75,16.75,12.75,17.75,0.00574297300000004,0.005689443999999988,0.005804003999999974,0.002896989999999988,0.0027970310000000054,0.002961665999999974,0.000388027000000013,0.0003865149999999762,0.0004504399999999964,0.0005349260000000466,0.0005199840000000289,0.0005476749999999697,881,7,93096
128,clustered,4,206158430585,2,1083,25774274230.5,25774274234.5,25774274230.5,25774274235.75,0.004748894999999975,0.004701875000000022,0.00501811499999999,0.0016888529999999902,0.001661792999999967,0.0017853759999999497,0.0003220890000000254,0.0003176520000000016,0.000435408000000026,0.00045823100000003114,0.00045275299999997243,0.0005486670000000027,591,6,93096
512,uniform,16,3706,2,4005,33.75,49.75,33.75,51.0625,0.021207480000000056,0.02090239599999999,0.021809385999999986,0.011666526999999982,0.011140883999999907,0.012232217999999961,0.001610465999999977,0.001590015999999972,0.001628443000000035,0.002120966000000002,0.002032823999999933,0.002176467999999987,3100,8,93228
512,alternating,16,1099511628160,18,4294,34,50,34,51,0.018406952999999948,0.01832714499999999,0.019409796000000035,0.011310225999999979,0.011110408000000016,0.011488090999999923,0.001345491000000032,0.001334174999999993,0.001597236999999918,0.0018797469999999317,0.0018032330000000152,0.0018828109999999842,2081,8,93228
512,increasing,16,8606646401,18,4298,34.6875,50.6875,34.6875,51.6875,0.023929860000000025,0.02362072100000001,0.024410935999999994,0.014394724000000025,0.014344940999999944,0.016702278000000015,0.0020837289999999786,0.0019469760000000447,0.0022002429999999906,0.0025425219999999915,0.002229817000000023,0.0025764029999999494,3114,8,93228
512,clustered,16,1030792152161,2,4431,32217842794.375,32217842810.375,32217842794.375,32217842811.6875,0.02004592300000002,0.019942848999999985,0.02082540100000002,0.010640649999999974,0.010327044000000063,0.011027294999999993,0.0014347149999999753,0.001414895000000027,0.0016464399999999713,0.0020112220000000347,0.002001438000000022,0.0020205160000000277,2266,8,93232
2048,uniform,64,14458,58,16361,127.9375,192.59375,127.9375,194.265625,0.08876754900000006,0.08599700700000001,0.09411572499999998,0.064725111,0.06405527499999997,0.06558029799999998,0.006536683999999959,0.006436776000000033,0.006540140000000028,0.008428788999999992,0.00816077000000004,0.008702035999999969,12308,10,93608
2048,alternating,64,4398046512256,66,17513,128.90625,193.46875,128.90625,195,0.07579059300000002,0.07230300499999998,0.0815364959999999,0.06042449299999997,0.05820315800000009,0.06348956300000008,0.005330590000000024,0.005218904999999996,0.007577723000000036,0.007274802999999941,0.007189685999999917,0.007825180999999959,8217,11,93748
2048,increasing,64,137505996929,66,17516,129.109375,193.671875,129.109375,195.171875,0.09811684700000001,0.09585716600000005,0.09889565600000005,0.07952711199999996,0.07929493700000001,0.0809410450000001,0.0071830760000000105,0.007124017999999954,0.007210165999999907,0.00989705399999985,0.009851946000000056,0.010006496000000031,12310,11,93608
2048,clustered,64,4329327038465,2,18084,33828735024.3125,33828735089.09375,33828735024.3125,33828735090.671875,0.07629598500000001,0.07541159999999997,0.0774067679999999,0.05460517500000006,0.05362756199999996,0.056312655999999905,0.006024912999999965,0.005686249000000032,0.00620280800000006,0.007766334000000041,0.007754806999999975,0.00802269500000008,8972,10,93724
8192,uniform,256,57466,258,67056,505.9140625,764.25,505.9140625,770.06640625,0.35562972699999973,0.355277003,0.359883776,0.32114274100000006,0.31611324900000026,0.32439924600000003,0.026977715000000124,0.026336080000000095,0.02716231899999988,0.03405301000000005,0.033567117000000035,0.03484189399999993,49170,12,95148
8192,alternating,256,17592186048640,258,71663,506.90625,766.46875,506.90625,771,0.2964630159999999,0.295035031,0.302041805,0.2669874459999999,0.260703747,0.26716411800000006,0.021317705000000187,0.021151826999999734,0.021475778999999973,0.029480968000000107,0.028886584999999965,0.029769738000000157,32801,12,95528
8192,increasing,256,2199291625601,258,71665,506.98046875,766.54296875,506.98046875,771.04296875,0.397112982,0.396179112,0.409726096,0.3488833910000002,0.34516661299999996,0.3561507829999999,0.032823570999999774,0.028721488999999822,0.03302089499999994,0.0399715249999999,0.0387853899999997,0.04004673699999994,49182,12,95532
8192,clustered,256,17523466583681,2,73709,34231458435.539062,34231458695.648438,34231458435.539062,34231458700.41797,0.299017316,0.29848138700000004,0.3074794350000001,0.25111774600000025,0.24819625,0.265833969,0.022028060999999877,0.021984546999999965,0.0255016480000001,0.0324231960000001,0.03176928300000004,0.03250697999999996,35874,12,95408
32768,uniform,1024,229498,1026,279053,2014.158203125,3048.4140625,2014.158203125,3074.0166015625,1.4166757570000001,1.407951067,1.432470584,1.6374878170000002,1.6028543740000005,1.726008852,0.10584894100000142,0.10497161600000027,0.10850732499999971,0.1361252620000002,0.13552990700000045,0.1371751950000002,196626,15,101676
32768,alternating,1024,70368744194176,1026,297503,2018.90625,3058.46875,2018.90625,3075,1.234281963,1.1868878840000003,1.246351207,1.3285532979999992,1.3236830130000001,1.3654121330000002,0.0878158929999997,0.08745823100000027,0.08828556100000107,0.12405432499999991,0.12303118200000007,0.12893682900000059,131105,15,103528
32768,increasing,1024,35185445765249,1026,297505,2018.9482421875,3058.5107421875,2018.9482421875,3075.0107421875,1.6431306330000002,1.610591555,1.643685738,1.8631731970000005,1.8149250099999996,1.8635889679999993,0.12040733899999978,0.11840215599999837,0.12149188300000002,0.16437156399999964,0.1586076700000003,0.1651770930000005,196638,15,103272
32768,clustered,1024,70300024764545,2,304699,34332140705.601562,34332141746.03711,34332140705.601562,34332141762.854492,1.2493498470000004,1.1997718320000001,1.268658104,1.187037707,1.186576842,1.247382197,0.09010100199999993,0.0897888280000001,0.09183869800000011,0.13205865299999964,0.13092365400000006,0.13562250400000053,143442,14,102400
