budget,width
0,1
1,1
2,4.0625
3,4.0625
4,6
5,6
6,7.9375
7,7.9375
8,9.9375
9,9.9375
10,11.9375
11,11.9375
12,13.9375
13,13.9375
14,15.9375
15,15.9375
16,17.9375
17,17.9375
18,19.875
19,19.875
20,21.8125
21,21.8125
22,23.8125
23,23.8125
24,25.8125
25,25.8125
26,27.8125
27,27.8125
28,29.8125
29,29.8125
30,31.8125
31,31.8125
32,33.75
33,33.75
34,33.75
35,33.75
36,33.75
37,33.75
38,33.75
39,33.75
40,33.75
41,33.75
42,33.75
43,33.75
44,33.75
45,33.75
46,33.75
47,33.75
48,33.75
