budget,width
0,nan
1,nan
2,nan
3,4.9375
4,4.9375
5,6.9375
6,6.9375
7,8.9375
8,8.9375
9,10.9375
10,10.9375
11,12.9375
12,12.9375
13,14.9375
14,14.9375
15,16.875
16,16.875
17,18.8125
18,18.8125
19,20.8125
20,20.8125
21,22.8125
22,22.8125
23,24.8125
24,24.8125
25,26.8125
26,26.8125
27,28.8125
28,28.8125
29,30.75
30,30.75
31,32.6875
32,32.6875
33,34.6875
34,34.6875
35,36.6875
36,36.6875
37,36.6875
38,36.6875
39,36.6875
40,36.6875
41,36.6875
42,36.6875
43,36.6875
44,36.6875
45,36.6875
46,36.6875
47,36.6875
48,36.6875
